ID;Tema;Data;Qtde;Categoria;N_categoria;Forma;Repercursao;Latitude;Longitude;Cidade;Bairro;Orig_Manif
2;Passeata pede redução na tarifa de ônibus e passe livre em Curitiba;19/02/2009;150;Transporte. trânsito e circulação;19;"	passeata no centro cívico";Passeata;-25.428.899;-49.266.898;Curitiba;Centro;M
3;Família Yared fará passeata no domingo para pedir paz e justiça;20/05/2009;15000;Transporte. trânsito e circulação;19;;;-25.438.944;-49.322.074;Curitiba;Mossunguê;OM
4;Frio e chuva espantam farofeiros do granito no bairro Batel. em Curitiba;05/05/2013;2;Acesso e uso do espaço público;1;"	Manifestação em praça pública";Manifestação em espaço público;-25.444.891;-49.293.931;Curitiba;Batel;OM
5;Frequentadores de bar fazem manifestação a favor da Quadra Cultural;28/02/2013;4;Acesso e uso do espaço público;1;Manifestação em frente ao bar;Manifestação em espaço público;-25.424.828;-49.273.122;Curitiba;São Francisco;OM
6;Manifestação contra o golpe de estado no centro de Curitiba;18/03/2016;1500;Estado. Governo e Democracia;6;Protesto na praça Santos Andrade;Manifestação em espaço público;-25.428.804;-49.266.659;Curitiba;Centro;M
7;Ciclistas protestam contra a falta de mecanismos para a mobilidade em Curitiba;29/10/2009;30;Transporte. trânsito e circulação;19;Protesto na calçada em frente a prefeitura. com malabarismo e chamada de atençao dos transeuntes;Outros;-25.416.931;-4.926.865;Curitiba;Centro Cívico;M
8;Moradores da Rua Costa e Silva querem lombada;18/08/2014;;Transporte. trânsito e circulação;19;"Demanda levada à prefeitura e denúncia feita ao jornal ""O Popular""";Denúncia pública via meio de comunicação de massa;-25.612.768;-49.363.761;Araucária;Costeira;OM
9;Assassinato de taxista durante a madrugada gera protesto da categoria;20/02/2010;50;Segurança Pública;17;"	mais de 50 taxistas dirigiram pelas ruas da cidade";Carreatas ou manifestações sobre rodas;-25.465.787;-49.297.712;Curitiba;Vila Izabel;M
10;Familiares de Lucas protestam por justiça;22/02/2014;60;Segurança Pública;17;"	Passeata";Passeata;-25.477.272;-49.291.499;Curitiba;Portão;M
11;Família de rapaz morto em posto de combustível faz protesto pedindo justiça.;19/02/2014;100;Segurança Pública;17;"	Manifestação e concentração no local do crime.";Passeata;-25.378.498;-49.227.133;Curitiba;Santa Cândida;OM
12;Protesto fecha Trincheira na Vila Torres;03/06/2014;;Segurança Pública;17;;;-25.444.465;-49.249.841;Curitiba;Rebouças;M
13;Moradores do Santa Cândida fazem protesto pedindo que rua seja asfaltada;24/08/2010;;Transporte. trânsito e circulação;19;"Denúncia feita ao jornal ""Banda B""";Denúncia pública via meio de comunicação de massa;-2.535.657;-49.239.224;Curitiba;Santa Cândida;OM
14;Família de advogado morto em confronto com a PM organiza protesto;01/02/2013;;Segurança Pública;17;"	Passeata";Passeata;-25.432.147;-49.275.415;Curitiba;Centro;M
15;Suspensão da greve dos servidores de Araucária;30/03/2016;1000;Trabalho e Direitos Trabalhistas;18;;;-2.557.539;-49.400.498;Araucária;Fazenda Velha;M
16;Asfalto arrebentado é motivo de protesto;30/11/2009;;Transporte. trânsito e circulação;19;Pneus e madeira queimados na rua;Fechamento de vias públicas;-25.627.862;-4.936.764;Araucária;Campina da Barra;OM
17;População exige asfalto “decente” no Itaipu;11/06/2010;;Transporte. trânsito e circulação;19;Pneus queimados e cartazes;Fechamento de vias públicas;-25.369.703;-4.925.762;Curitiba;Barreirinha;OM
18;Moradores protestam contra demora na entrega de casas;26/04/2012;;Moradia;11;Passeata;Passeata;-25.430.523;-4.926.905;Curitiba;Centro;M
19;Moradores interditam BR-116 em protesto contra rua inacabada no Tatuquara;25/11/2010;;Transporte. trânsito e circulação;19;Obstáculos na pista;Fechamento de vias públicas;-25.561.367;-49.308.078;Curitiba;Tatuquara;M
20;Manisfestantes interditam BR-277 pedindo passarela;27/07/2010;100;Transporte. trânsito e circulação;19;Pneus queimados;Fechamento de vias públicas;-2.550.158;-49.150.562;São José dos Pinhais;Guatupê;OM
21;Moradores da Avenida da Integração fazem novo protesto após inundação de casas;13/01/2014;;Água. esgoto e drenagem;2;Moradores se reuniram para protestar e fecharam a Avenida Integração com caçambas e lixeiras;Fechamento de vias públicas;-25.406.465;-49.206.671;Curitiba;Bairro Alto;OM
22;Protesto de motoristas de vans impede saída de passageiros do Aeroporto Afonso Pena;22/08/2012;300;Legislação urbana;9;Fechamento da entrada do Aeroporto Afonso Pena;Fechamento de vias públicas;-2.553.612;-49.178.047;São José dos Pinhais;São Cristóvão;M
23;Moradores de Curitiba e região protestam contra falta de segurança;13/02/2007;;Segurança Pública;17;;;-25.372.844;-49.262.873;Curitiba;Barreirinha;M
24;Moradores fecham parcialmente BR-277 em protesto contra mudanças na rodovia;01/02/2011;300;Transporte. trânsito e circulação;19;Obstáculos na pista;Fechamento de vias públicas;-2.544.324;-4.945.971;Campo Largo;Ferraria;M
25;Protesto em frente à Cohab reivindica desapropriação de terreno no Sabará;19/10/2012;200;Moradia;11;Manifestação em frente a prédio público - COHAB;Manifestação em espaço público;-25.430.485;-49.269.066;Curitiba;Centro;M
26;Serra dourada protesta com queima de pneus;03/09/2011;;Transporte. trânsito e circulação;19;Pneus queimados;Fechamento de vias públicas;-25.373.427;-49.358.628;Araucária;Campina da Barra;OM
27;Volume de acidentes faz moradores queimarem pneus e fecharem rua em protesto.;08/05/2011;100;Transporte. trânsito e circulação;19;Queima de pneus;Fechamento de vias públicas;-25.345.687;-49.252.484;Almirante Tamandaré;Campina do Arruda;OM
29;Moradores queimam lixo no meio da rua em protesto por falta de recolhimento;01/02/2011;;Lixo e resíduos;10;Manifestantes reuniram o lixo acumulado pela falta de coleta e ateou fogo no meio da rua;Fechamento de vias públicas;-25.549.153;-49.153.851;São José dos Pinhais;Quissisana;OM
30;Protesto na CAVO por temor de demissões e pedido de aumento salarial;10/03/2011;1500;Lixo e resíduos;10;Paralisação dos funcionários da CAVO;Paralisação e greve;-25.441.138;-4.926.178;Curitiba;Rebouças;OM
31;Catadores protestam na Boca Maldita contra incineração de resíduos;03/12/2012;300;Lixo e resíduos;10;Passeata de Catadores na Boca Maldita;Passeata;-2.543.222;-49.274.431;Curitiba;Centro;M
33;Moradores do Boqueirão fazem carreata de protesto até o Centro Cívico;23/08/2012;;Moradia;11;Carreata;Carreatas ou manifestações sobre rodas;-25.512.656;-49.222.395;Curitiba;Boqueirão;O
34;Manifestantes fazem protesto e fecham rua no Tatuquara por 2 horas;29/08/2012;;Moradia;11;Fechamento de via;Fechamento de vias públicas;-255.741;-49.328.435;Curitiba;Tatuquara;OM
35;Grupo protesta contra atraso na entrega de imóveis da MRV;20/07/2013;30;Moradia;11;;;-25.444.926;-4.929.405;Curitiba;Batel;M
37;Moradores fecham a João Leopoldo Jacomel protesto pela falta de energia;05/12/2010;;Energia e gás;4;"Bloqueio de rodovia	";Fechamento de vias públicas;-25.457.026;-49.078.755;Piraquara;Jardim Esmeralda;OM
38;Sem-Teto entregam carta à prefeitura para solicitar moradias populares;13/03/2013;300;Moradia;11;Concentração e Passeata;Passeata;-25.416.971;-49.268.765;Curitiba;Centro Cívico;M
39;Moradores interditam novamente a BR-277 pedindo passarela.;30/07/2010;100;Transporte. trânsito e circulação;19;Pneus queimados;Fechamento de vias públicas;-25.501.627;-49.150.329;São José dos Pinhais;Guatupê;OM
40;Famílias dormem na rua em protesto contra Cohab;24/01/2013;100;Moradia;11;Acampamento em via pública;Fechamento de vias públicas;-25.580.381;-49.334.555;Curitiba;Tatuquara;M
41;Funcionários fazem protesto em colégio no Bacacheri;15/03/2010;;Trabalho e Direitos Trabalhistas;18;;;-2.540.149;-49.244.167;Curitiba;Bacacheri;M
43;Ocupações estudantis em escolas públicas contra a reforma do ensino médio;07/10/2016;;Educação;3;Passeata. ocupação de escolas públicas;Ocupação de prédios ou terrenos;-2.553.901;-49.208.085;São José dos Pinhais;Centro;OM
49;CEP é ocupado. escolas ocupadas por alunos chegam a 30 no PR;07/10/2016;;Educação;3;Ocupação de escolas públicas;Ocupação de prédios ou terrenos;-25.423.744;-49.266.331;Curitiba;Centro;OM
52;700 escolas paradas por greve e ocupações;17/10/2016;;Trabalho e Direitos Trabalhistas;18;Ocupação de escolas públicas;Ocupação de prédios ou terrenos;-25.397.405;-49.318.664;Curitiba;Santa Felicidade;OM
53;Manifestantes fazem protesto contra Código Florestal ;18/05/2012;;Parques. jardins e florestas;13;Passeata;Passeata;-25.432.257;-49.274.549;Curitiba;Centro;M
54;Crescem ocupações de estudantes contra a reforma do ensino médio;05/10/2016;;Educação;3;Manifestação em vias públicas;Passeata;-25.432.284;-49.275.261;Curitiba;Centro;M
55;Audiência discute desocupação;16/09/2015;;Educação;3;Ocupação;Ocupação de prédios ou terrenos;-2.542.685;-49.261.954;Curitiba;Centro;OM
56;Comerciantes de Curitiba protestam contra crise político-econômica;13/04/2016;800;Estado. Governo e Democracia;6;concentração inicial em frente à sede da ACP. na Rua XV. passeata seguiu até boca maldita;Passeata;-25.429.738;-49.267.884;Curitiba;Centro;O
58;Protesto fecha trincheira em Campina Grande do Sul;14/04/2016;;Transporte. trânsito e circulação;19;Bloqueio da marginal da BR-116 através da queima de pneus;Fechamento de vias públicas;-25.366.863;-49.102.065;Campina Grande do Sul;Jardim Paulista;OM
59;Atos contra impeachment bloqueiam rodovias em vários estados;15/04/2016;100;Estado. Governo e Democracia;6;Interdição da BR-277;Fechamento de vias públicas;-25.431.636;-49.363.618;Curitiba;Orleans;M
61;Marcha da Maconha 2016;17/04/2016;500;Segurança Pública;17;Marcha ;Passeata;-25.417.061;-49.268.743;Curitiba;Centro Cívico;M
62;Manifestantes fazem atos contra o impeachment no Paraná;17/04/2016;1700;Estado. Governo e Democracia;6;Manifestação na Praça Rui Barbosa;Manifestação em espaço público;-25.436.329;-49.273.911;Curitiba;Centro;OM
63;Manifestantes fazem atos a favor do impeachment no Paraná;17/04/2016;9000;Estado. Governo e Democracia;6;Manifestação em praça pública;Manifestação em espaço público;-25.428.672;-49.266.718;Curitiba;Centro;OM
64;População se revolta e bloqueia o Contorno Sul ;17/04/2016;;Transporte. trânsito e circulação;19;Fechamento da BR-376 através da queima de pneus;Fechamento de vias públicas;-25.497.906;-4.934.283;Curitiba;Cidade Industrial;OM
66;"Manifestantes ""abraçam"" banco e reclamam de golpe em Curitiba";10/05/2016;200;Estado. Governo e Democracia;6;Manifestação em frente ao Banco do Brasil;Manifestação em espaço público;-2.543.289;-49.271.052;Curitiba;Centro;M
67;Um ano após conflito com polícia. professores vão às ruas em Curitiba;29/04/2016;5000;Educação;3;Manifestação na Praça Tiradentes;Manifestação em espaço público;-25.429.728;-49.271.785;Curitiba;Centro;OM
68;Curitiba tem protestos a favor de Sérgio Moro;15/05/2016;100;Estado. Governo e Democracia;6;Manifestação na Boca Maldita;Manifestação em espaço público;-25.432.129;-4.927.544;Curitiba;Centro;OM
69;Protesto contra resoluções do STF e contra Dilma Rousseff no Centro;06/04/2016;;Estado. Governo e Democracia;6;Passeata no centro de Curitiba;Passeata;-25.424.526;-49.269.334;Curitiba;Centro;M
70;Mulheres de Curitiba protestam contra estupro coletivo do RJ;26/05/2016;400;Segurança Pública;17;Ato na entrada do Teatro Guaíra;Manifestação em espaço público;-25.428.303;-49.265.564;Curitiba;Centro;M
71;Moradores ameaçam botar fogo em posto de saúde;17/02/2010;50;Saúde;16;Fogo em pneus;Outros;-25.464.232;-49.130.016;Piraquara;Guarituba;OM
72;Médicos que atendem pelo SUS fazem protesto na Boca Maldita;25/10/2011;;Saúde;16;Distribuição de panfletos;Manifestação em espaço público;-25.432.275;-49.274.543;Curitiba;Centro;M
73;Familiares de pacientes que morreram na UTI do Evangélico pedem justiça no caso Virgínia;02/11/2013;;Saúde;16;Protesto silencioso;Outros;-25.421.763;-49.275.188;Curitiba;São Francisco;M
74;"Curitiba tem protesto contra ""importação"" de médicos";25/05/2013;400;Saúde;16;Passeata;Passeata;-2.542.905;-49.266.779;Curitiba;Centro;M
75;Manifestantes saem às ruas em protesto contra morte de bebê que esperava por vaga em UTI;24/05/2014;50;Saúde;16;Passeata;Passeata;-25.428.932;-49.266.563;Curitiba;Centro;M
76;Protesto contra cavaletes abandonados colore a Boca Maldita em Curitiba;29/09/2012;;Espaço sonoro e visual;5;Exposição de obras em cavaletes;Manifestação em espaço público;-25.432.184;-49.274.225;Curitiba;Centro;M
77;Moradores de Colombo fecham terminal para protestar contra problemas da cidade;20/06/2013;300;Estado. Governo e Democracia;6;Fechamento do terminal;Fechamento de vias públicas;-25.377.367;-49.184.583;Colombo;Palmital;M
78;Manifestantes entram no saguão do Afonso Pena e ficam por meia hora sentados no chão;22/06/2013;1500;Estado. Governo e Democracia;6;Sentados no chão;Outros;-25.536.266;-49.173.809;São José dos Pinhais;Afonso Pena;M
79;Comerciante fecha rua em protesto contra a OI;20/07/2012;;Infra-estrutura de comunicação;8;Fechamento do cruzamento das vias Rua Agrimensor Carlos Hasselmann. esquina com Alberto Karas;Fechamento de vias públicas;-25.580.332;-49.400.146;Araucária;Fazenda Velha;OM
80;Curitiba participa de protesto nacional contra o estupro;05/06/2016;60;Segurança Pública;17;Manifestação na praça Santos Andrade;Manifestação em espaço público;-25.428.661;-49.266.519;Curitiba;Centro;OM
81;MST protesta contra Michel Temer;08/06/2016;1250;Moradia;11;Acampamento na sede do Incra;Ocupação de prédios ou terrenos;-2.542.898;-49.286.108;Curitiba;Mercês;O
82;Integrantes do MTST fazem marcha e são recebidos na prefeitura de Curitiba;08/06/2016;;Moradia;11;;;-25.416.917;-49.269.042;Curitiba;Centro Cívico;M
83;MST realiza protestos contra Michel Temer;10/06/2016;1200;Estado. Governo e Democracia;6;Protesto em frente ao INCRA;Fechamento de vias públicas;-25.433.066;-49.270.567;Curitiba;Centro;M
88;Manifestação contra Michel Temer na Praça Santos Andrade;10/06/2016;1000;Trabalho e Direitos Trabalhistas;18;Manifestação na praça Santos Andrade;Manifestação em espaço público;-25.428.782;-49.266.408;Curitiba;Centro;OM
89;Curitiba faz vigília nas escadarias da UFPR por mortos em Orlando;13/06/2016;50;Segurança Pública;17;Manifestação nas escadarias da UFPR;Manifestação em espaço público;-25.428.625;-49.266.374;Curitiba;Centro;OM
90;Manifestação em terminal da RMC gera tumulto entre passageiros;16/06/2016;;Transporte. trânsito e circulação;19;Impedimento de circulação dos ônibus das linhas Santa Tereza e Ana Rosa;Outros;-25.345.795;-4.922.017;Colombo;Roça Grande;OM
93;Taxistas e motoristas do uber em clima de tensão da Câmara de Curitiba;27/06/2016;350;Transporte. trânsito e circulação;19;Câmara Municipal. Prefeitura. Justiça Federal;Passeata;-25.416.697;-49.269.086;Curitiba;Centro Cívico;M
94;Taxistas protestam contra a Uber ;07/07/2016;;Transporte. trânsito e circulação;19;Manifestação iniciou na radiotáxi Faixa Vermelha e seguiu para a Justiça Federal;Carreatas ou manifestações sobre rodas;-25.403.833;-49.257.832;Curitiba;Ahú;M
95;Povo se revolta contra mudanças e impede saída de ônibus em Colombo;07/07/2016;;Transporte. trânsito e circulação;19;Moradores impediram saída dos automóveis da Viação Colombo;Outros;-25.330.814;-49.220.803;Colombo;Roça Grande;OM
97;Marcha das Vadias em Curitiba faz protesto contra o fascismo;09/07/2016;;Gênero. Raça. Etnia e Diversidade ;7;Concentração na Praça 19 de dezembro;Manifestação em espaço público;-25.432.073;-49.275.505;Curitiba;Centro;M
98;Em ato nacional. movimento indígena ocupa sede da Funai em Curitiba ;13/07/2016;20;Questões Fundiárias;14;Ocupação da Funai;Ocupação de prédios ou terrenos;-25.428.419;-49.277.497;Curitiba;São Francisco;OM
99;Movimento faz ato para “celebrar” demora na regulamentação do aluguel social em Curitiba;15/07/2016;200;Moradia;11;Manifestação em frente Prefeitura;Outros;-25.417.134;-49.269.015;Curitiba;Centro Cívico;OM
100;Protestos marcam início da passagem da tocha olímpica por Curitiba;14/07/2016;;Estado. Governo e Democracia;6;Manifestação em frente ao Museu Oscar Niemeyer;Passeata;-25.409.856;-49.266.088;Curitiba;Centro Cívico;OM
103;Moro participa de ato contra mudança na lei sobre abuso de autoridade ;28/07/2016;;Segurança Pública;17;;;-25.403.682;-49.527.914;Curitiba;Ahú;OM
104;Protesto a favor do impeachment;31/07/2016;3000;Estado. Governo e Democracia;6;Concentração na Praça Santos Andrade;Manifestação em espaço público;-25.428.564;-49.266.488;Curitiba;Centro;OM
105;Protesto contra impeachment;31/07/2016;;Estado. Governo e Democracia;6;Manifestação na Rui Barbosa e 19 de Dezembro;Manifestação em espaço público;-25.424.672;-49.269.457;Curitiba;Centro;OM
106;Moradores do Mercês e Vista Alegre fazem protesto pedindo segurança;07/08/2016;;Segurança Pública;17;Cruzamento das ruas Jacarezinho e Manoel Ribas;Passeata;-25.422.077;-49.291.874;Curitiba;Mercês;OM
107;Artistas fazem ato no PR contra corrupção e em apoio a Moro;08/08/2016;;Estado. Governo e Democracia;6;Manifestação em frente à Justiça Federal do Paraná;Passeata;-25.403.979;-49.257.759;Curitiba;Ahú;OM
108;Protestos das Centrais Sindicais contra a precarização dos diretos trabalhistas;16/08/2016;;Trabalho e Direitos Trabalhistas;18;Ato na praça Santos Andrade;Manifestação em espaço público;-25.428.565;-49.266.391;Curitiba;Centro;OM
109;Cerca de mil pessoas participaram de protesto;28/06/2013;1000;Estado. Governo e Democracia;6;Passeata;Passeata;-25.575.366;-49.400.508;Araucária;Fazenda Velha;M
111;Manifestação contra Copa termina com dupla detida por quebrar prefeitura com vaso sanitário;03/05/2014;50;Estado. Governo e Democracia;6;Passeata;Passeata;-25.432.257;-49.274.592;Curitiba;Centro;O
112;Moradores acusam Copel de cortar luz e. em protesto. fecham sentido Sul da Linha Verde;16/04/2014;;Energia e gás;4;Fechamento do sentido Sul da linha Verde;Fechamento de vias públicas;-2.549.947;-49.278.631;Curitiba;Capão Raso;M
113;Há dois dias sem luz. moradores do Pinheirinho protestam;18/01/2012;;Energia e gás;4;Protesto na rua Julio Teodorico Guimarães;Passeata;-25.527.154;-49.271.219;Curitiba;Pinheirinho;OM
114;Professores protestam e relembram 30 de agosto de 1988 em Curitiba ;30/08/2016;5500;Educação;3;Concentração na Praça Santos Andrade e percurso até o Centro Cívico;Passeata;-25.428.753;-49.266.324;Curitiba;Centro;O
115;Protesto contra Michel Temer;31/08/2016;500;Estado. Governo e Democracia;6;Concentração na praça 19 de dezembro e percurso até Praça Santos Andrade;Passeata;-25.424.687;-49.269.469;Curitiba;Centro;O
116;Protesto a favor do impeachment;31/08/2016;500;Estado. Governo e Democracia;6;Carreata iniciou na Praça Nossa Senhora do Salete;Carreatas ou manifestações sobre rodas;-2.541.487;-49.268.116;Curitiba;Centro Cívico;O
117;Protesto contra Michel Temer;01/09/2016;400;Estado. Governo e Democracia;6;Concentração na Boca Maldita e percurso até Boca Maldita;Passeata;-25.433.263;-49.270.582;Curitiba;Centro;M
118;Protesto contra Michel Temer;04/09/2016;2500;Estado. Governo e Democracia;6;Concentração na PRaça 19 de Dezembro e percurso até Boca Maldita;Passeata;-25.432.293;-4.927.467;Curitiba;Centro;M
120;MST acampa em frente ao INCRA contra o golpe e por reforma agrária;05/09/2016;1000;Estado. Governo e Democracia;6;Ocupação do Instituto Nacional de Colonização e Reforma Agrária (INCRA);Ocupação de prédios ou terrenos;-25.433.701;-49.258.955;Curitiba;Centro;OM
121;Metalúrgicos ocupam marginal da BR-277 para protestar;05/09/2016;;Trabalho e Direitos Trabalhistas;18;Concentração na Renault (SJP) e percurso até o Centro de Curitiba;Passeata;-25.520.562;-49.111.792;São José dos Pinhais;Roseira de São Sebastião;O
123;Manifestantes fazem ato pedindo a saída de Michel Temer. em Curitiba;06/09/2016;1000;Estado. Governo e Democracia;6;Concentração na Praça 19 de Dezembro e percurso até a Boca Maldita;Passeata;-25.424.448;-49.269.436;Curitiba;Centro;O
124;Protesto contra Temer;07/09/2016;200;Estado. Governo e Democracia;6;Concentração na Praça 19 de Dezembro e percurso até Boca Maldita;Passeata;-2.543.226;-49.274.753;Curitiba;Centro;M
126;Curitiba tem “fora” Temer e Cunha;12/09/2016;200;Estado. Governo e Democracia;6;Passeata;Passeata;-25.432.375;-49.274.943;Curitiba;Centro;M
128;Manifestantes fazem ato contra o governo Temer em Curitiba;22/09/2016;500;Estado. Governo e Democracia;6;Origem na Praça Santos Andrade e percurso até Boca Maldita;Passeata;-2.542.856;-4.926.648;Curitiba;Centro;O
129;Moradores fazem ato em frente à US abandonada no bairro Santa Cândida. em Curitiba ;24/09/2016;;Saúde;16;Fechamento de rua e queima de pneus;Fechamento de vias públicas;-25.375.449;-4.922.376;Curitiba;Santa Cândida;OM
130;Protesto em Curitiba aponta irregularidades na URBS ;28/09/2016;;Trabalho e Direitos Trabalhistas;18;Ato em frente à prefeitura;Manifestação em espaço público;-2.541.712;-49.269.124;Curitiba;Centro;M
131;Protesto contra a mudanc?a do CRAS;09/08/2013;;Vizinhança;20;Reunião em frente ao CRAS;Manifestação em espaço público;-25.585.274;-49.406.547;Araucária;São Sebastião;M
132;Alunos fazem protesto em frente a? Prefeitura de Araucária;04/02/2007;;Educação;3;Marcha e protesto em frente à Prefeitura de Araucária;Passeata;-25.590.569;-4.940.042;Araucária;Centro;M
134;Nem uma a menos;07/01/2017;;Gênero. Raça. Etnia e Diversidade ;7;Passeata na rua XV de Novembro;Passeata;-25.432.489;-49.275.025;Curitiba;Centro;M
136;Motoristas e cobradores de duas empresas param atividades em Curitiba;10/01/2017;2000;Transporte. trânsito e circulação;19;Greve;Paralisação e greve;-25.469.014;-49.254.291;Curitiba;Parolin;M
137;Guardas de SJP fazem paralisação e denunciam perseguição de comandantes;17/01/2017;;Segurança Pública;17;Manifestação em frente à Secretaria Municipal de Segurança Pública;Manifestação em espaço público;-25.534.402;-49.207.095;São José dos Pinhais;Centro;M
138;Funcionários do Evangélico fazem greve para reivindicar 13º e benefícios atrasados;18/01/2017;;Saúde;16;Greve dos funcionários do Hospital Evangélico;Paralisação e greve;-25.434.773;-49.291.975;Curitiba;Champagnat;OM
139;Com assembleias. Sindimoc inicia campanha salarial 2017: “Motoristas e cobradores estão preocupados”;18/01/2017;;Transporte. trânsito e circulação;19;Assembleia na Praça Rui Barbosa;Manifestação em espaço público;-25.436.045;-49.273.422;Curitiba;Centro;M
141;Protesto de motoristas e cobradores afeta 45 linhas da Grande Curitiba;23/01/2017;1000;Trabalho e Direitos Trabalhistas;18;Paralisação e Greve;Paralisação e greve;-2.546.875;-4.925.406;Curitiba;Parolin;M
142;Contra medidas do governo. professores ocupam sede da Secretaria de Educação em Curitiba;26/01/2017;200;Educação;3;Ocupação da Seed;Ocupação de prédios ou terrenos;-25.454.049;-49.292.715;Curitiba;Água Verde;M
143;Curitibanos se organizam e limpam parque ‘esquecido’;29/01/2017;;Parques. jardins e florestas;13;Mutirão de limpeza;Manifestação em espaço público;-25.475.527;-4.937.551;Curitiba;Augusta;OM
144;Servidores públicos protestam contra falta de pagamento de reajuste salarial;01/02/2017;200;Trabalho e Direitos Trabalhistas;18;Manifestação em frente a Alep;Manifestação em espaço público;-25.414.704;-49.268.203;Curitiba;Centro Cívico;OM
145;Amigos de copeira assassinada por policial civil protestam por justiça;02/02/2017;;Segurança Pública;17;Manifestação em frente ao Tribunal do Júri de Curitiba;Manifestação em espaço público;-25.416.329;-49.269.273;Curitiba;Centro Cívico;M
146;Dia Internacional das Mulheres - 8M;08/03/2017;5000;Gênero. Raça. Etnia e Diversidade ;7;Passeata com carro de som;Passeata;-25.428.797;-49.266.306;Curitiba;Centro;M
147;Greve Geral 15/03;15/03/2017;40000;Trabalho e Direitos Trabalhistas;18;Paralisação;Paralisação e greve;-25.429.794;-49.272.204;Curitiba;Centro;M
149;Protesto contra a terceirização no Centro da Cidade;31/03/2017;2000;Trabalho e Direitos Trabalhistas;18;Reunião em praça pública na Boca Maldita;Manifestação em espaço público;-25.432.332;-49.274.595;Curitiba;Centro;M
150;Ato no Barigui contra reforma da Previdência;09/04/2017;200;Trabalho e Direitos Trabalhistas;18;Caminhada no Parque Barigui;Passeata;-25.429.258;-49.314.999;Curitiba;Santo Inácio;M
151;MST faz manifestação em Curitiba;17/04/2017;800;Questões Fundiárias;14;Manifestação em frente à sede do Incra;Manifestação em espaço público;-25.433.595;-49.259.023;Curitiba;Centro;M
153;Sem salário há dois meses. equipe de recicladores de Curitiba protesta e fala em descaso;07/04/2017;;Trabalho e Direitos Trabalhistas;18;Manifestação em frente à sede na rua Eduardo Sprada. no bairro Campo Comprido. em Curitiba.;Manifestação em espaço público;-25.446.771;-49.348.528;Curitiba;Campo Comprido;M
154;Motoristas do Uber protestam e pressionam Greca por regulamentação;11/04/2017;552;Legislação urbana;9;Passeata motorizada do Parque Barigui até o Museu Oscar Miemeyer;Passeata;-25.429.002;-49.315.003;Curitiba;Santo Inácio;M
157;“Nosso parque virou depósito de lixo”. desabafa moradora de bairro deixado de lado;18/04/2017;;Parques. jardins e florestas;13;Reclamação enviada à Banda B;Denúncia pública via meio de comunicação de massa;-25.479.143;-4.932.915;Curitiba;Fazendinha;O
158;“O Greca diz a mesma coisa que o Fruet dizia”. reclama síndica que pede iluminação há quatro anos;18/04/2017;;Energia e gás;4;Reclamação enviada à Banda B;Denúncia pública via meio de comunicação de massa;-25.563.024;-49.254.048;Curitiba;Ganchinho;O
159;Família de motociclista morto no trânsito protesta e vídeo desmente versão de motorista;18/04/2017;;Transporte. trânsito e circulação;19;Manifestação no local do acidente;Manifestação em espaço público;-25.391.488;-4.934.506;Curitiba;Butiatuvinha;OM
161;Diversas categorias aderem à Greve Geral do dia 28 de abril ;28/04/2017;;Trabalho e Direitos Trabalhistas;18;Passeata da Praça Nossa Senhora de Salete até a Praça Tiradentes;Passeata;-25.414.951;-49.268.069;Curitiba;Centro Cívico;M
162;Trabalhadores dos Correios entram em greve em Curitiba;27/04/2017;;Trabalho e Direitos Trabalhistas;18;Greve ;Paralisação e greve;-25.439.649;-49.261.967;Curitiba;Centro;M
163;Prestes a se mudar. casal gay sofre ataque homofóbico no Água Verde;13/04/2017;;Gênero. Raça. Etnia e Diversidade ;7;Distribuição de panfletos no bairro Água Verde;Manifestação em espaço público;-25.461.307;-49.279.823;Curitiba;Centro;OM
164;Amigos de casal vítima de homofobia realizam protesto em Curitiba;15/04/2017;100;Gênero. Raça. Etnia e Diversidade ;7;Manifestação na Praça Elias Abdo Bittar;Manifestação em espaço público;-25.461.449;-49.280.042;Curitiba;Água Verde;M
165;Servidores municipais fazem protesto em frente à prefeitura contra ‘pacotaço’ de Greca;28/04/2017;;Trabalho e Direitos Trabalhistas;18;Manifestação em frente à Prefeitura de Curitiba;Manifestação em espaço público;-25.417.175;-49.268.881;Curitiba;Centro Cívico;M
166;Inconformados com proposta. trabalhadores da Renault decidem entrar em greve na RMC;03/05/2017;6000;Trabalho e Direitos Trabalhistas;18;Greve;Paralisação e greve;-25.517.703;-49.114.635;São José dos Pinhais;Roseira de São Sebastião;OM
167;Vigília contra a LGBTFOBIA;17/05/2017;100;Gênero. Raça. Etnia e Diversidade ;7;Manifestação;Manifestação em espaço público;-25.428.648;-49.266.121;Curitiba;Centro;OM
168;Marcha da Maconha 2017;06/05/2017;3000;Segurança Pública;17;Marcha;Passeata;-2.541.391;-49.266.503;Curitiba;Centro Cívico;M
170;Dia Nacional de Luta dos Catadores de Materiais Recicláveis 2017;07/06/2017;;Lixo e resíduos;10;Marcha da Santos de Andrade até a Boca Maldita;Passeata;-2.542.861;-49.266.037;Curitiba;Centro;M
171;Slam Contrataque 3ª edição;24/06/2017;;Outros;12;Batalha de poesias ;Manifestação em espaço público;-25.427.522;-49.273.819;Curitiba;São Francisco;OM
172;Estudantes protestam por mais segurança após registro de estupro dentro da UP;09/05/2017;600;Segurança Pública;17;Manifestação com faixas dentro da Universidade Positivo;Manifestação em Espaço Privado;-25.445.691;-49.355.836;Curitiba;Campo Comprido;OM
173;Marcha pela Diversidade de Curitiba 2017;25/06/2017;1000;Gênero. Raça. Etnia e Diversidade ;7;Marcha da praça Santos Andrade até Boca Maldita;Passeata;-25.432.237;-49.274.631;Curitiba;Centro;M
174;Carreata Taxistas;23/05/2017;500;Transporte. trânsito e circulação;19;Carreata e buzinaço nas redondezas da Prefeitura;Carreatas ou manifestações sobre rodas;-25.461.545;-49.274.223;Curitiba;Centro Cívico;M
175;Manifestação em Curitiba por praça no Alto da Glória;29/09/2012;100;Parques. jardins e florestas;13;Bicicletada saindo da Reitoria da UFPR até a Praça;Passeata;-25.418.139;-4.925.564;Curitiba;Alto da Glória;OM
176;A Praça do Japão e o contorno da discórdia;28/12/2012;2300;Parques. jardins e florestas;13;Abaixo assinado;Abaixo-assinado. cartas ou solicitações;-25.446.103;-49.287.329;Curitiba;Água Verde;O
177;Moradores que tiveram casas alagadas interditam BR-476 em protesto;23/04/2010;;Água. esgoto e drenagem;2;Fechamento da BR 476;Fechamento de vias públicas;-25.364.406;-49.186.112;Colombo;Maracanã;M
178;Moradores da Vila Liberdade fecham BR-116 em protesto contra obras paradas;26/04/2010;;Água. esgoto e drenagem;2;Fechamento da BR116;Fechamento de vias públicas;-25.382.221;-49.169.142;Colombo;Palmital;O
179;Moradores protestam contra obra inacabada que deixa ruas alagadas e muito barro;04/08/2010;30;Água. esgoto e drenagem;2;Manifestação em espaço público no Guarituba;Manifestação em espaço público;-25.455.089;-49.131.608;Piraquara;Guarituba;OM
180;Moradores da Vila Leonice invadem terreno da prefeitura e pedem melhorias no bairro;29/01/2011;;Água. esgoto e drenagem;2;Invasão de terreno da Prefeitura de Curitiba localizado na Rua Ovídio Garcez;Ocupação de prédios ou terrenos;-25.350.802;-49.259.358;Curitiba;Cachoeira;OM
181;Moradores do Novo Mundo fazem protesto depois de nova enchente;01/02/2011;;Água. esgoto e drenagem;2;Bloqueio de várias ruas no bairro Novo Mundo.;Fechamento de vias públicas;-25.483.473;-49.313.305;Curitiba;Novo Mundo;OM
183;Defensoria Pública representará os interesses da Vila Joanita em relação à enchentes;13/06/2014;;Água. esgoto e drenagem;2;Denúncia com apoio da defensoria pública;Denúncia pública via Ministério Público;-2.542.848;-49.206.273;Curitiba;Tarumã;O
184;Moradores fecham a Rodovia dos Minérios em protesto contra alagamentos;21/02/2011;200;Água. esgoto e drenagem;2;Bloqueio da Rodovia dos Minérios. queima de móveis e pneus;Fechamento de vias públicas;-25.208.724;-49.311.404;Almirante Tamandaré;Bonfim;OM
185;Moradores perdem tudo na chuva e fecham Contorno Sul para protestar;07/02/2014;100;Água. esgoto e drenagem;2;Bloqueio com queima de pneus no Contorno Sul;Fechamento de vias públicas;-25.493.668;-49.234.509;Curitiba;Hauer;OM
187;Segunda enchente em três meses faz moradores protestarem: “Pior do que tá não fica”;03/02/2013;;Água. esgoto e drenagem;2;Manifestação no Jardim Paloma;Manifestação em espaço público;-25.356.711;-49.155.333;Colombo;Paloma;OM
188;Chuva forte causou alagamentos em Curitiba e  Região Metropolitana;21/01/2010;;Água. esgoto e drenagem;2;Queima de Pneus na Avenida Juscelino Kubistchek de Oliveira;Fechamento de vias públicas;-25.508.903;-49.339.285;Curitiba;Cidade Industrial;M
190;Queima de pneus contra as enchentes que castigam Pinhais. São José dos Pinhais e Fazenda Rio Grande;23/01/2011;;Água. esgoto e drenagem;2;Bloqueio da Rua Humberto de Alencar Castelo Branco na esquina com a Rua Prudente de Morais;Fechamento de vias públicas;-25.435.641;-49.162.297;Pinhais;Jardim Amélia;OM
191;Alagamentos provocam protestos em ao menos três bairros em Curitiba;07/06/2014;;Água. esgoto e drenagem;2;Bloqueio da Rua das Carmelitas ;Fechamento de vias públicas;-25.531.937;-49.323.674;Curitiba;Cidade Industrial;OM
192;Curitiba: 50 pessoas participaram de protesto contra enchentes na Vila Barigui;12/06/2014;50;Água. esgoto e drenagem;2;Bloqueio da rua João Bettega esq. com Rua Cid Campello;Fechamento de vias públicas;-25.511.574;-49.332.322;Curitiba;Portão;M
193;Enchente gera protestos em Curitiba e Colombo;22/02/2006;;Água. esgoto e drenagem;2;Bloqueio da Avenida São Gabriel;Fechamento de vias públicas;-25.363.786;-49.210.739;Colombo;Osasco;OM
194;Famílias perdem tudo com enchente e fecham Eduardo Sprada em protesto;22/10/2015;;Água. esgoto e drenagem;2;Bloqueio da Rua Eduardo Sprada esq. Rua José Baggio;Fechamento de vias públicas;-2.544.931;-49.326.342;Curitiba;Campo Comprido;OM
195;Moradores de Piraquara cobram apoio da prefeitura;21/03/2012;60;Moradia;11;Manifestação em frente à Prefeitura de Piraquara;Manifestação em espaço público;-25.450.788;-49.069.503;Piraquara;Centro;M
196;Moradores de São José dos Pinhais não aguentam mais tantos alagamentos;28/12/2015;;Água. esgoto e drenagem;2;Manifestação no Jardim Izaura;Manifestação em espaço público;-25.472.839;-49.148.645;São José dos Pinhais;Ipê;OM
197;Moradores do Caximba protestam contra enchentes no bairro;24/06/2013;;Moradia;11;Bloqueio da rua Francisca Beraldi Paolini;Fechamento de vias públicas;-25.615.707;-49.357.299;Curitiba;Campo de Santana;OM
198;Moradores do Jardim Veneza fazem protesto por causa dos alagamentos;21/10/2016;;Água. esgoto e drenagem;2;Bloqueio da Rua Benjamin Palú ;Fechamento de vias públicas;-25.554.886;-49.208.886;São José dos Pinhais;Bom Jesus;OM
199;Moradores do Tarumã vivem na precariedade;15/08/2013;300;Água. esgoto e drenagem;2;Protesto na Avenida Vítor Ferreira do Amaral. em frente ao Detran;Fechamento de vias públicas;-2.543.047;-49.211.197;Curitiba;Capão da Imbuia;M
200;Moradores de Fazenda Rio Grande bloqueiam avenida para protesto;24/01/2011;60;Água. esgoto e drenagem;2;Queima de pneus e bloqueio das Avenidas Paraguai. Estados Unidos e Polônia;Fechamento de vias públicas;-25.660.811;-49.297.645;Fazenda Rio Grande;Nações;OM
201;Moradores fecham rua no Xaxim em protesto contra alagamentos;30/01/2011;;Água. esgoto e drenagem;2;Bloqueio da Rua Omar Raymundo Picheth com queima de móveis;Fechamento de vias públicas;-25.513.131;-49.272.668;Curitiba;Xaxim;OM
203;Erosão tira a paciência de moradores no Boa Vista;10/04/2013;;Rios;15;Denúncia para o Paraná Online;Denúncia pública via meio de comunicação de massa;-25.384.176;-49.248.119;Curitiba;Boa Vista;O
204;Alagamentos são tema de protesto na Caximba;22/06/2013;;Água. esgoto e drenagem;2;Fechamento da ponte sobre o rio Barigui na Rua Francisca Beraldi Paolini;Fechamento de vias públicas;-25.615.704;-49.357.217;Curitiba;Campo de Santana;OM
205;Catadores de papel protestam contra lixo orgânico;10/05/2012;;Lixo e resíduos;10;Bloqueio da Avenida Pastor Adolfo Weidmann;Fechamento de vias públicas;-25.458.528;-49.159.924;Piraquara;Guarituba;OM
206;Moradores fazem limpeza de jardim e da rua em frente ao Pilar Maturana;21/01/2014;2;Parques. jardins e florestas;13;Mutirão de limpeza;Outros;-25.397.892;-49.196.335;Curitiba;Bairro Alto;OM
207;Centenas de manifestantes protestam contra novo Código Florestal;28/04/2011;;Parques. jardins e florestas;13;Passeata da Praça Santos Andrade até a Praça Osório;Passeata;-25.431.575;-49.272.715;Curitiba;Centro;M
209;“Nosso parque virou depósito de lixo”. desabafa moradora de bairro deixado de lado em ‘cartão postal;18/04/2017;;Parques. jardins e florestas;13;Denúncia à Banda B;Denúncia pública via meio de comunicação de massa;-25.477.905;-49.328.418;Curitiba;Fazendinha;O
210;População reclama da falta de manutenção no Parque Tingui em Curitiba;25/02/2016;;Parques. jardins e florestas;13;Denúncia à RIC TV;Denúncia pública via meio de comunicação de massa;-25.387.825;-49.304.914;Curitiba;São João;O
211;Lago “disfarçado” de gramado coloca em risco frequentadores do Parque Tingui;01/11/2016;;Parques. jardins e florestas;13;Denúncia à Banda B;Denúncia pública via meio de comunicação de massa;-25.387.885;-49.304.945;Curitiba;São João;O
212;Horta Urbana no Cristo Rei em disputa;08/07/2017;;Parques. jardins e florestas;13;Exibição de documentário no dia 08/07 / Mutirão de Plantio e de mosaicos;Manifestação em espaço público;-25.437.945;-49.234.633;Curitiba;Cristo Rei;OM
213;Protesto pela Plantação de Bananeira do Juvevê;09/07/2017;30;Parques. jardins e florestas;13;Abraço coletivo às bananeiras do Juvevê;Manifestação em espaço público;-25.421.462;-49.244.978;Curitiba;Juvevê;OM
214;Lago poluído no Parque São Lourenço ;16/11/2015;;Água. esgoto e drenagem;2;Denúncia para a Tribuna;Denúncia pública via meio de comunicação de massa;-25.423.477;-49.271.043;Curitiba;São Francisco;O
215;Morte de peixes no Parque Tingui intriga frequentadores;08/07/2016;;Parques. jardins e florestas;13;Denúncia feita à Banda B;Denúncia pública via meio de comunicação de massa;-25.387.837;-49.304.872;Curitiba;São João;O
216;Bolo e protesto no Bosque da Casa Gomm;29/03/2014;50;Parques. jardins e florestas;13;Manifestação. com show e programações culturais no bosque;Manifestação em Espaço Privado;-25.442.506;-49.291.621;Curitiba;Batel;OM
217;Liminar proíbe intervenção em bosque da Casa Gomm;01/07/2013;;Parques. jardins e florestas;13;Ação Civil Pública ;Judicial;-2.544.234;-49.291.753;Curitiba;Batel;O
218;Magistério faz greve de 15 dias em Curitiba;15/03/2017;;Trabalho e Direitos Trabalhistas;18;Greve;Paralisação e greve;-25.465.717;-49.278.787;Curitiba;Água Verde;O
220;População exige asfalto “decente” no Itaipu;16/06/2010;;Transporte. trânsito e circulação;19;Queima de pneus;Fechamento de vias públicas;-25.559.672;-49.391.729;Araucária;Capela Velha;M
221;Moradores fazem protesto e fecham Contorno Sul em Curitiba;09/05/2011;;Transporte. trânsito e circulação;19;Trancaço;Fechamento de vias públicas;-25.497.921;-49.343.069;Curitiba;Cidade Industrial;OM
222;Em data especial. manifestantes fazem protesto contra violência no trânsito;10/12/2011;;Transporte. trânsito e circulação;19;Manifestação;Manifestação em espaço público;-25.545.867;-49.293.849;Curitiba;Umbará;OM
223;Moradores da Estrada da Graciosa fazem protesto contra violência no trânsito;11/01/2011;;Transporte. trânsito e circulação;19;Manifestação com queima de pneus;Manifestação em espaço público;-25.390.588;-49.199.365;Pinhais;Atuba;OM
224;Moradores bloqueiam cruzamento movimentado no Boqueirão clamando por mais segurança;17/09/2011;;Transporte. trânsito e circulação;19;fecharam o cruzamento das ruas Anne Frank e José Hauer;Fechamento de vias públicas;-25.506.235;-49.233.884;Curitiba;Uberaba;OM
225;Cansados de acidentes. comerciantes fecham avenida em protesto por semáforos;19/08/2011;;Transporte. trânsito e circulação;19;Manifestação na Avenida em frente ao terminal do bairro Cachoeira;Fechamento de vias públicas;-25.338.748;-49.271.095;Almirante Tamandaré;Cachoeira;OM
226;Cansado de promessas. povo vai pra rua pedir asfalto;20/06/2011;;Transporte. trânsito e circulação;19;Ato em via pública;Manifestação em espaço público;-25.588.111;-4.942.681;Araucária;Boqueirão;OM
229;Moradores fecham Rodovia da Uva em protesto contra falta de integração em terminal;25/05/2011;;Transporte. trânsito e circulação;19;Moradores fecham Rodovia da Uva;Fechamento de vias públicas;-25.346.346;-49.220.133;Colombo;Roça Grande;OM
230;Após protesto em frente à Câmara. moradores conseguem liberação de obras;25/07/2011;;Transporte. trânsito e circulação;19;Protesto em frente à Câmara;Manifestação em espaço público;-25.305.801;-49.054.035;Campina Grande do Sul;Jardim da Colina;M
231;Alunos e professores fazem protesto contra motoristas que não respeitam pedestres;25/08/2011;;Transporte. trânsito e circulação;19;Manifestação com percurso;Manifestação em espaço público;-25.397.075;-49.289.128;Curitiba;Pilarzinho;OM
