ID;FORMA;DATA;QTD;CAT_OBJ;N_CAT;FORMA;REP_ACAO;FONTE;REFERENCIA;ENDERECO;LAT;LONG;CIDADE;BAIRRO
2;Passeata pede redução na tarifa de ônibus e passe livre em Curitiba;19/02/2009;150;Transporte, trânsito e circulação;19;"	passeata no centro cívico";Passeata;Gazeta do Povo;YANO, Célio. Passeata pede redução na tarifa de ônibus e passe livre em Curitiba. Gazeta do Povo. Curitiba. 19 fev. 2009. Disponível em: <http://www.gazetadopovo.com.br/vida-e-cidadania/passeata-pede-reducao-na-tarifa-de-onibus-e-passe-livre-em-curitiba-bfo0qhhiibluz74lyj0q9ch8u>. Acesso em: 29 jun. 2017.;Praça Santos Andrade, 2 cep: 80020-300;-25,428899;-49,266898;Curitiba;Centro
3;Família Yared fará passeata no domingo para pedir paz e justiça;20/05/2009;15000;Transporte, trânsito e circulação;19;;;Gazeta do Povo;YANO, Célio. Família Yared fará passeata no domingo para pedir paz e justiça. Gazeta do Povo. Curitiba, 20 maio 2009. Disponível em: <www.gazetadopovo.com.br/vidapublica/conteudo.phtml?id=888388&tit=Familia-Yared-fara-passeata-no-domingo-para-pedir-paz-e-justica>. Acesso em: 29 jun. 2009.;Rua Paulo Gorski, 900;-25,438944;-49,322074;Curitiba;Mossunguê
4;Frio e chuva espantam farofeiros do granito no bairro Batel, em Curitiba;05/05/2013;2;Acesso e uso do espaço público;1;"	Manifestação em praça pública";Manifestação em espaço público;G1 on line;JUSTI, Adriana. Frio e chuva espantam farofeiros do granito no bairro Batel, em Curitiba. G1. Curitiba. 05 maio 2013. Disponível em: <http://g1.globo.com/pr/parana/noticia/2013/05/frio-e-chuva-espantam-farofeiros-do-granito-no-bairro-batel-em-curitiba.html>. Acesso em: 29 jun. 2017.;Avenida Bispo Dom José, 2197;-25,444891;-49,293931;Curitiba;Batel
5;Frequentadores de bar fazem manifestação a favor da Quadra Cultural;28/02/2013;4;Acesso e uso do espaço público;1;Manifestação em frente ao bar;Manifestação em espaço público;Gazeta do Povo;WALTRICK, Rafael. Frequentadores de bar fazem manifestação a favor da Quadra Cultural. Gazeta do Povo. Curitiba. 28 fev. 2013. Disponível em: <http://www.gazetadopovo.com.br/vida-e-cidadania/frequentadores-de-bar-fazem-manifestacao-a-favor-da-quadra-cultural-67or4a75tqqw50sj0i64k042w>. Acesso em: 29 jun. 2017.;Rua Paula Gomes, 354;-25,424828;-49,273122;Curitiba;São Francisco
6;Manifestação contra o golpe de estado no centro de Curitiba;18/03/2016;1500;Estado, Governo e Democracia;6;Protesto na praça Santos Andrade;Manifestação em espaço público;G1 on line;Manifestantes fazem maiores atos à favor de Dilma desde o ano passado. Globo. -. 18 mar. 2016. Disponível em: <http://g1.globo.com/politica/noticia/2016/03/manifestantes-fazem-ato-em-apoio-ao-governo-dilma-pelo-pais.html>. Acesso em: 16 jun. 2017.;Praça Santos Andrade - Centro Curitiba - PR;-25,428804;-49,266659;Curitiba;Centro
7;Ciclistas protestam contra a falta de mecanismos para a mobilidade em Curitiba;29/10/2009;30;Transporte, trânsito e circulação;19;Protesto na calçada em frente a prefeitura, com malabarismo e chamada de atençao dos transeuntes;Outros;Gazeta do Povo;https://conta.gazetadopovo.com.br/cadastre-se/?referrer=http://www.gazetadopovo.com.br/vida-e-cidadania/ciclistas-protestam-contra-falta-de-mecanismos-para-mobilidade-na-capital-bys0pe5gk4h06k4a4rlood8b2;Av. Cândido de Abreu, 817, cep: 80530-908;-25,416931;-49,268650;Curitiba;Centro Cívico
8;Moradores da Rua Costa e Silva querem lombada;18/08/2014;;Transporte, trânsito e circulação;19;"Demanda levada à prefeitura e denúncia feita ao jornal ""O Popular""";Denúncia pública via meio de comunicação de massa;O Popular - Jornal de Araucária e Região;http://www.opopularpr.com.br/noticias/sem-categoria/moradores-da-rua-costa-e-silva-querem-lombada/;R. Pres. Costa e Silva, 639 - Costeira Araucária - PR 83709-272;-25,612768;-49,363761;Araucária;Costeira
9;Assassinato de taxista durante a madrugada gera protesto da categoria;20/02/2010;50;Segurança Pública;17;"	mais de 50 taxistas dirigiram pelas ruas da cidade";Carreatas ou manifestações sobre rodas;Gazeta do Povo;http://www.gazetadopovo.com.br/vida-e-cidadania/assassinato-de-taxista-durante-a-madrugada-gera-protesto-da-categoria-cid3snmqh1e6d5cv193ivsrwu;Rua Tamoios, 1250;-25,465787;-49,297712;Curitiba;Vila Izabel
10;Familiares de Lucas protestam por justiça;22/02/2014;60;Segurança Pública;17;"	Passeata";Passeata;O Popular - Jornal de Araucária e Região;http://www.opopularpr.com.br/noticias/sem-categoria/familiares-de-lucas-protestam-por-justica/;Avenida Presidente Kennedy, 4121;-25,477272;-49,291499;Curitiba;Portão
11;Família de rapaz morto em posto de combustível faz protesto pedindo justiça.;19/02/2014;100;Segurança Pública;17;"	Manifestação e concentração no local do crime.";Passeata;Banda B;"JUBANSKI, Elizangela; ROMANOWSKI, Roberto; HENRIQUE, Bruno. Família de rapaz morto em posto faz protesto pedindo justiça; polícia tem três linhas. Banda B. Curitiba. 20 fev. 2014. Disponível em: <http://www.bandab.com.br/jornalismo/familia-rapaz-morto-posto-protesto-pedindo-justica-policia-tres-linhas/>. Acesso em: 29 jun. 2017.";Rua Doutor Barreto Coutinho, 25;-25,378498;-49,227133;Curitiba;Santa Cândida
12;Protesto fecha Trincheira na Vila Torres;03/06/2014;;Segurança Pública;17;;;Gazeta do Povo;https://conta.gazetadopovo.com.br/cadastre-se/?referrer=http://www.gazetadopovo.com.br/vida-e-cidadania/protesto-fecha-trincheira-na-vila-torres-934lovw0etizzz828dj88lkjy;Rua Chile, 1 ;-25,444465;-49,249841;Curitiba;Rebouças
13;Moradores do Santa Cândida fazem protesto pedindo que rua seja asfaltada;24/08/2010;;Transporte, trânsito e circulação;19;"Denúncia feita ao jornal ""Banda B""";Denúncia pública via meio de comunicação de massa;Banda B;"http://www.bandab.com.br/jornalismo/moradores-do-santa-candida-fazem-protesto-pedindo-que-rua-seja-asfaltada/
";Rua Padre Paulo Canelles, 982;-25,356570;-49,239224;Curitiba;Santa Cândida
14;Família de advogado morto em confronto com a PM organiza protesto;01/02/2013;;Segurança Pública;17;"	Passeata";Passeata;Gazeta do Povo;PEREIRA, Patricia. Família de advogado morto em confronto com a PM organiza protesto. Gazeta do Povo. Curitiba. 31 jan. 2013. Disponível em: <http://www.gazetadopovo.com.br/vida-e-cidadania/familia-de-advogado-morto-em-confronto-com-a-pm-organiza-protesto-azuun3b6b2xu1rwnpuv7oy9ea>. Acesso em: 29 jun. 2017.;Boca Maldita;-25,432147;-49,275415;Curitiba;Centro
15;Suspensão da greve dos servidores de Araucária;30/03/2016;1000;Trabalho e Direitos Trabalhistas;18;;;Banda B;http://www.bandab.com.br/jornalismo/apos-oito-dias-de-paralisacao-servidores-de-araucaria-decidem-suspender-greve/;Rua Irmã Elizabeth Werka, 55;-25,575390;-49,400498;Araucária;Fazenda Velha
16;Asfalto arrebentado é motivo de protesto;30/11/2009;;Transporte, trânsito e circulação;19;Pneus e madeira queimados na rua;Fechamento de vias públicas;O Popular - Jornal de Araucária e Região;"http://www.opopularpr.com.br/noticias/sem-categoria/asfalto-arrebentado-e-motivo-de-protesto/
";R. Prímula, 2050;-25,627862;-49,367640;Araucária;Campina da Barra
17;População exige asfalto “decente” no Itaipu;11/06/2010;;Transporte, trânsito e circulação;19;Pneus queimados e cartazes;Fechamento de vias públicas;O Popular - Jornal de Araucária e Região;"http://www.opopularpr.com.br/noticias/sem-categoria/populacao-exige-asfalto-decente-no-itaipu/
";Rua das Cerejeiras, 169;-25,369703;-49,257620;Curitiba;Barreirinha
18;Moradores protestam contra demora na entrega de casas;26/04/2012;;Moradia;11;Passeata;Passeata;Parana Online - Tribuna PR;MAZZIOTTI, M. Moradores protestam contra demora na entrega de casas. Paraná Online, Curitiba, 2012;Rua Barão do Rio Branco, 45 - Centro – Curitiba – PR;-25,430523;-49,269050;Curitiba;Centro
19;Moradores interditam BR-116 em protesto contra rua inacabada no Tatuquara;25/11/2010;;Transporte, trânsito e circulação;19;Obstáculos na pista;Fechamento de vias públicas;Banda B;"http://www.bandab.com.br/jornalismo/moradores-interditam-br-116-em-protesto-contra-rua-inacabada-no-tatuquara/
";Rod. Régis Bittencourt, 9;-25,561367;-49,308078;Curitiba;Tatuquara
20;Manisfestantes interditam BR-277 pedindo passarela;27/07/2010;100;Transporte, trânsito e circulação;19;Pneus queimados;Fechamento de vias públicas;Banda B;"http://www.bandab.com.br/jornalismo/manifestantes-interditam-br-277-pedindo-construcao-de-passarela/
";Estr. Curitiba Paranaguá, 8142 (BR 277 - km 72);-25,501580;-49,150562;São José dos Pinhais;Guatupê
21;Moradores da Avenida da Integração fazem novo protesto após inundação de casas;13/01/2014;;Água, esgoto e drenagem;2;Moradores se reuniram para protestar e fecharam a Avenida Integração com caçambas e lixeiras;Fechamento de vias públicas;Banda B;"JUBANSKI, Elizangela; ROMANOWSKI, Roberto. Moradores da Avenida Integração fazem novo protesto após inundação de casas. Banda B. Curitiba, 14 jan. 2014. Disponível em: <http://www.bandab.com.br/jornalismo/moradores-avenida-integracao-manifestacao-apos-inundacao-casas/>. Acesso em: 29 jun. 2017.";Avenida da Integração;-25,406465;-49,206671;Curitiba;Bairro Alto
22;Protesto de motoristas de vans impede saída de passageiros do Aeroporto Afonso Pena;22/08/2012;300;Legislação urbana;9;Fechamento da entrada do Aeroporto Afonso Pena;Fechamento de vias públicas;Gazeta do Povo;"http://www.gazetadopovo.com.br/vida-e-cidadania/motoristas-de-vans-de-curitiba-fazem-protesto-em-sao-jose-dos-pinhais-bell525jqpiwgw1sgsps7s5se
";Avenida Rocha Pombo, 950;-25,536120;-49,178047;São José dos Pinhais;São Cristóvão
23;Moradores de Curitiba e região protestam contra falta de segurança;13/02/2007;;Segurança Pública;17;;;Gazeta do Povo;MORADORES de Curitiba e região protestam contra falta de segurança. Gazeta do Povo. Curitiba. 13 fev. 2007. Disponível em: <www.gazetadopovo.com.br/vidaecidadania/conteudo.phtml?id=636528&tit=Moradores-de-Curitiba-e-regiao-protestam-contra-falta-de-seguranca>. Acesso em: 29 jun. 2017.;Avenida Anita Garibaldi, 4610;-25,372844;-49,262873;Curitiba;Barreirinha
24;Moradores fecham parcialmente BR-277 em protesto contra mudanças na rodovia;01/02/2011;300;Transporte, trânsito e circulação;19;Obstáculos na pista;Fechamento de vias públicas;Banda B;http://www.bandab.com.br/jornalismo/moradores-fecham-parcialmente-br-277-em-protesto-contra-mudancas-na-rodovia/;Estrada Figueiredo, 36;-25,443240;-49,459710;Campo Largo;Ferraria
25;Protesto em frente à Cohab reivindica desapropriação de terreno no Sabará;19/10/2012;200;Moradia;11;Manifestação em frente a prédio público - COHAB;Manifestação em espaço público;Gazeta do Povo;SENKOVSKI, Antonio. Protesto em frente à Cohab reivindica desapropriação de terreno no Sabará. Gazeta do Povo. 19/10/2012. Disponível em: http://www.gazetadopovo.com.br/vidaecidadania/conteudo.phtml?id=…em-frente-a-Cohab-reivindica-desapropriacao-de-terreno-no-Sabara. Acessado em 22/02/2013.;R. Barão do Rio Branco, 45 - Centro, Curitiba - PR, 80010-180;-25,430485;-49,269066;Curitiba;Centro
26;Serra dourada protesta com queima de pneus;03/09/2011;;Transporte, trânsito e circulação;19;Pneus queimados;Fechamento de vias públicas;O Popular - Jornal de Araucária e Região;"http://www.opopularpr.com.br/noticias/sem-categoria/serra-dourada-protesta-com-queima-de-pneus/
";Rua Boca de Leão, 135;-25,373427;-49,358628;Araucária;Campina da Barra
27;Volume de acidentes faz moradores queimarem pneus e fecharem rua em protesto.;08/05/2011;100;Transporte, trânsito e circulação;19;Queima de pneus;Fechamento de vias públicas;Banda B;NASCIMENTO, Antônio. Volume de Acidentes faz moradores queimarem pneus e fecharem rua em protesto. Banda B. Almirante Tamandaré, 08 maio 2011. Disponível em: <http://www.bandab.com.br/jornalismo/geral/volume-de-acidentes-faz-moradores-queimarem-pneus-e-fecharem-rua-em-protesto/>. Acesso em: 29 jun. 2017.;R. José Milek Filho, 374 - Campina do Arruda- Almirante Tamandaré - PR;-25,345687;-49,252484;Almirante Tamandaré;Campina do Arruda
29;Moradores queimam lixo no meio da rua em protesto por falta de recolhimento;01/02/2011;;Lixo e resíduos;10;Manifestantes reuniram o lixo acumulado pela falta de coleta e ateou fogo no meio da rua;Fechamento de vias públicas;Banda B;MORADORES queimam lixo no meio da rua em protesto por falta de recolhimento. Banda B. Curitiba. 02 fev. 2011. Disponível em: <http://www.bandab.com.br/jornalismo/moradores-queimam-lixo-no-meio-da-rua-em-protesto-por-falta-de-recolhimento/ 1>. Acesso em: 29 jun. 2017.;Avenida Benjamim Possebon, 500;-25,549153;-49,153851;São José dos Pinhais;Quissisana
30;Protesto na CAVO por temor de demissões e pedido de aumento salarial;10/03/2011;1500;Lixo e resíduos;10;Paralisação dos funcionários da CAVO;Paralisação e greve;Gazeta do Povo;STANCKI, Rodolfo. Protesto na Cavo prejudica a coleta de lixo em Curitiba durante a manhã. Gazeta do Povo, Curitiba, 10 mar 2011. Disponível em www.gazetadopovo.com.br/economia/conteudo.phtml?id=1104506&tit=Protesto-na-Cavo-prejudica-a-coleta-de-lixo-em-Curitiba-durante-a-manha. Acesso em 25 de agosto de 2017.;Avenida Getúlio Vargas 177;-25,441138;-49,261780;Curitiba;Rebouças
31;Catadores protestam na Boca Maldita contra incineração de resíduos;03/12/2012;300;Lixo e resíduos;10;Passeata de Catadores na Boca Maldita;Passeata;Banda B;HENRIQUE, Bruno. Catadores protestam na Boca Maldita contra incineração de resíduos. Banda B. Curitiba, 02 jan. 2012. Disponível em: <http://www.bandab.com.br/jornalismo/geral/catadores-protestam-na-boca-maldita-contra-incineracao-de-residuos/>. Acesso em: 29 jun. 2017.;Rua Luiz Xavier 78;-25,432220;-49,274431;Curitiba;Centro
33;Moradores do Boqueirão fazem carreata de protesto até o Centro Cívico;23/08/2012;;Moradia;11;Carreata;Carreatas ou manifestações sobre rodas;Gazeta do Povo;"SENKOVSKI, A; BATISTA, R. Moradores do Boqueirão fazem carreata de protesto até o Centro Cívico. Gazeta do Povo, Curitiba, 2012";Rua O Brasil para Cristo, 3328;-25,512656;-49,222395;Curitiba;Boqueirão
34;Manifestantes fazem protesto e fecham rua no Tatuquara por 2 horas;29/08/2012;;Moradia;11;Fechamento de via;Fechamento de vias públicas;Gazeta do Povo;BATISTA, R. Manifestantes fazem protesto e fecham rua no Tatuquara por 2 horas. Gazeta do Povo, Curitiba, 2012;Rua Presidente João Goularte, 1150;-25,574100;-49,328435;Curitiba;Tatuquara
35;Grupo protesta contra atraso na entrega de imóveis da MRV;20/07/2013;30;Moradia;11;;;Parana Online - Tribuna PR;Grupo protesta contra atraso na entrega de imóveis da MRV. Paraná online, Curitiba, 2013;Avenida Bispo Dom José, 2205;-25,444926;-49,294050;Curitiba;Batel
37;Moradores fecham a João Leopoldo Jacomel protesto pela falta de energia;05/12/2010;;Energia e gás;4;"Bloqueio de rodovia	";Fechamento de vias públicas;Banda B;MORADORES fecham a João Leopoldo Jacomel em protesto pela falta de energia. Banda B, Curitiba, 06 dez. 2010. Disponível em: <http://www.bandab.com.br/jornalismo/moradores-fecham-a-joao-leopoldo-jacomel-em-protesto-pela-falta-de-energia/>. Acesso em: 02 mai. 2014;Rodovia Deputado João Lepoldo Jacomel, 465 - Jardim Esmeralda, Piraquara - PR, 83301-366;-25,457026;-49,078755;Piraquara;Jardim Esmeralda
38;Sem-Teto entregam carta à prefeitura para solicitar moradias populares;13/03/2013;300;Moradia;11;Concentração e Passeata;Passeata;Gazeta do Povo;"ANIBAL, F; MAROS, A. Sem-teto entregam carta à prefeitura para solicitar moradias populares. Gazeta do Povo, Curitiba, 2013";Av. Cândido de Abreu, 817 - Centro Cívico, Curitiba - PR;-25,416971;-49,268765;Curitiba;Centro Cívico
39;Moradores interditam novamente a BR-277 pedindo passarela.;30/07/2010;100;Transporte, trânsito e circulação;19;Pneus queimados;Fechamento de vias públicas;Gazeta do Povo;"http://www.gazetadopovo.com.br/vida-e-cidadania/moradores-de-sjp-interditam-br-277-em-protesto-por-mais-seguranca-3o3q269nuitv4g75mfn57v4ge
";Estr. Curitiba Paranaguá, 8142 (BR 277 - km 72);-25,501627;-49,150329;São José dos Pinhais;Guatupê
40;Famílias dormem na rua em protesto contra Cohab;24/01/2013;100;Moradia;11;Acampamento em via pública;Fechamento de vias públicas;Gazeta do Povo;RODRIGUES, A. Famílias dormem na rua em protesto contra Cohab. Gazeta do Povo, Janeiro, 2013;Rua Clóvis Boving, 357;-25,580381;-49,334555;Curitiba;Tatuquara
41;Funcionários fazem protesto em colégio no Bacacheri;15/03/2010;;Trabalho e Direitos Trabalhistas;18;;;Gazeta do Povo;http://www.gazetadopovo.com.br/vida-e-cidadania/funcionarios-fazem-protesto-em-colegio-no-bacacheri-na-terca-e-a-vez-de-os-professores-pararem-epmwhjxakf10xi655ap90zadq;Rua Costa Rica, 233;-25,401490;-49,244167;Curitiba;Bacacheri
43;Ocupações estudantis em escolas públicas contra a reforma do ensino médio;07/10/2016;;Educação;3;Passeata, ocupação de escolas públicas;Ocupação de prédios ou terrenos;Brasil de Fato;HOSHINO, Camila. Crescem as ocupações de estudantes contra reformas do ensino médio. Jornal Brasil de Fato, Cidades, Curitiba, p. 4, 06 a 13 de outubro de 2016.;Rua Scharfenberg de Quadros, 666- Colégio Estadual Padre Arnaldo Jansen;-25,539010;-49,208085;São José dos Pinhais;Centro
49;CEP é ocupado, escolas ocupadas por alunos chegam a 30 no PR;07/10/2016;;Educação;3;Ocupação de escolas públicas;Ocupação de prédios ou terrenos;Gazeta do Povo;DENK, Eriksson. Alunos ocupam o Colégio Estadual do Paraná e outras 29 escolas no estado. Acessado em <http://www.gazetadopovo.com.br/educacao/alunos-ocupam-o-colegio-estadual-do-parana-e-outras-29-escolas-no-estado-dyfygzzf0zhg0ln00yxs4b9ao> às 19:30 de 15/10/2016;Av. João Gualberto, 250 - Centro, Curitiba - PR - Colégio Estadual do Paraná;-25,423744;-49,266331;Curitiba;Centro
52;700 escolas paradas por greve e ocupações;17/10/2016;;Trabalho e Direitos Trabalhistas;18;Ocupação de escolas públicas;Ocupação de prédios ou terrenos;Gazeta do Povo;ABDALLA, Sharon. Greve e ocupações fecham mais de 700 escolas no PR. Gazeta do Povo, Curitiba, 17/10/2016.;Rua João Valle, 23 - Santa Felicidade, Curitiba - PR (Colégio Estadual Ângelo Volpato);-25,397405;-49,318664;Curitiba;Santa Felicidade
53;Manifestantes fazem protesto contra Código Florestal ;18/05/2012;;Parques, jardins e florestas;13;Passeata;Passeata;Gazeta do Povo;BATISTA, Rodrigo. Manifestantes fazem protesto contra Código Florestal neste sábado. Gazeta do Povo, Curitiba, 18 mai 2012. Disponível em http://www.gazetadopovo.com.br/vida-publica/manifestantes-fazem-protesto-contra-codigo-florestal-neste-sabado-293odgpoov352vrwz2h3glmxa. Acesso em 25 ago 2017.; Rua Luiz Xavier 78;-25,432257;-49,274549;Curitiba;Centro
54;Crescem ocupações de estudantes contra a reforma do ensino médio;05/10/2016;;Educação;3;Manifestação em vias públicas;Passeata;Brasil de Fato;HOSHINO, Camila. Crescem ocupações de estudantes contra a reforma do ensino médio. Brasil de Fato, Curitiba, 06 a 13, outubro, 2016. Cidades, p. 4. ;Boca Maldita, Rua XV de novembro;-25,432284;-49,275261;Curitiba;Centro
55;Audiência discute desocupação;16/09/2015;;Educação;3;Ocupação;Ocupação de prédios ou terrenos;Gazeta do Povo;ANTONELLI, Diego. Audiência discute desocupação. Gazeta do Povo, Curitiba, 16 set. 2015. Vida e Cidadania/Ensino Superior, p. 12.;Universidade Federal do Paraná - Rua XV de Novembro, 1299;-25,426850;-49,261954;Curitiba;Centro
56;Comerciantes de Curitiba protestam contra crise político-econômica;13/04/2016;800;Estado, Governo e Democracia;6;concentração inicial em frente à sede da ACP, na Rua XV, passeata seguiu até boca maldita;Passeata;Banda B;BANDA B. Comerciantes do Centro de Curitiba fecham as portas por meia hora em protesto contra a crise. Banda B, Curitiba, 14 abr. 2016. Disponível em: <http://www.bandab.com.br/jornalismo/comercio-fecha-as-portas-em-protesto-contra-crise-politico-economica/>. Acesso em: 02 jan. 2016.; Rua XV de Novembro, 621 ;-25,429738;-49,267884;Curitiba;Centro
58;Protesto fecha trincheira em Campina Grande do Sul;14/04/2016;;Transporte, trânsito e circulação;19;Bloqueio da marginal da BR-116 através da queima de pneus;Fechamento de vias públicas;Bem Paraná;"BEM PARANÁ. Protesto fecha trincheira em Campina Grande do Sul. Jornal Bem Paraná, Curitiba, 14 abr. 2016. Disponível em: <http://www.bemparana.com.br/noticia/438862/protesto-fecha-trincheira-em-campina-grande-do-sul>. Acesso em: 27 jun. 2017.
";R. Pedro Pasa, 1142;-25,366863;-49,102065;Campina Grande do Sul;Jardim Paulista
59;Atos contra impeachment bloqueiam rodovias em vários estados;15/04/2016;100;Estado, Governo e Democracia;6;Interdição da BR-277;Fechamento de vias públicas;Jornale;ATOS contra impeachment bloqueiam rodovias em vários estados. Jornale. Curitiba,15 abr. 2016.;BR-277 Orleans Curitiba - PR;-25,431636;-49,363618;Curitiba;Orleans
61;Marcha da Maconha 2016;17/04/2016;500;Segurança Pública;17;Marcha ;Passeata;G1 on line;G1. Em dia de atos sobre impeachment, Curitiba tem protesto pela maconha. Jornal G1, Curitiba, 17 abr. 2016, paraná rpc. Disponível em: <http://g1.globo.com/pr/parana/noticia/2016/04/em-dia-de-atos-sobre-impeachment-curitiba-tem-protesto-pela-maconha.html>. Acesso em: 02 jan. 2017. ;1099, Av. Cândido de Abreu, 1039 - Centro Cívico, PR;-25,417061;-49,268743;Curitiba;Centro Cívico
62;Manifestantes fazem atos contra o impeachment no Paraná;17/04/2016;1700;Estado, Governo e Democracia;6;Manifestação na Praça Rui Barbosa;Manifestação em espaço público;G1 on line;G1. Manifestantes fazem atos contra e a favor do impeachment no Paraná. Jornal G1, Curitiba, 17 abr. 2016. Disponível em: <http://g1.globo.com/pr/parana/noticia/2016/04/manifestantes­fazem­atos­contra­e­favor­do­impeachment­no­parana.htm>. Acesso em: 02 jan. 2017. ;Praça Rui Barbosa ;-25,436329;-49,273911;Curitiba;Centro
63;Manifestantes fazem atos a favor do impeachment no Paraná;17/04/2016;9000;Estado, Governo e Democracia;6;Manifestação em praça pública;Manifestação em espaço público;G1 on line;G1. Manifestantes fazem atos contra e a favor do impeachment no Paraná. Jornal G1, Curitiba, 17 abr. 2016. Disponível em: <http://g1.globo.com/pr/parana/noticia/2016/04/manifestantes­fazem­atos­contra­e­favor­do­impeachment­no­parana.htm>. Acesso em: 02 jan. 2017. ;Praça Santos Andrade;-25,428672;-49,266718;Curitiba;Centro
64;População se revolta e bloqueia o Contorno Sul ;17/04/2016;;Transporte, trânsito e circulação;19;Fechamento da BR-376 através da queima de pneus;Fechamento de vias públicas;Bem Paraná;BEM PARANÁ. População se revolta e bloqueia o Contorno Sul. Portal Bem Paraná, Curitiba, 17 abr. 2016. Disponível em: <http://www.bemparana.com.br/noticia/439620/populacao-se-revolta-e-bloqueia-o-contorno-sul>. Acesso em: 02 jan. 2017;Rua Setembrino Portella Neto, 58 - Cidade Industrial - Curitiba - PR;-25,497906;-49,342830;Curitiba;Cidade Industrial
66;"Manifestantes ""abraçam"" banco e reclamam de golpe em Curitiba";10/05/2016;200;Estado, Governo e Democracia;6;Manifestação em frente ao Banco do Brasil;Manifestação em espaço público;Parana Online - Tribuna PR;"SARZI, Lucas. Manifestantes ""abraçam"" banco e reclamam de golpe em Curitiba. Tribuna PR, Curitiba, 10 maio 2016. Curitiba e região. Disponível em: <http://www.tribunapr.com.br/noticias/curitiba-regiao/manifestantes-abracam-banco-e-reclamam-de-golpe-em-curitiba/>. Acesso em: 06 jan. 2016.";Av. Mal. Floriano Peixoto, 275;-25,432890;-49,271052;Curitiba;Centro
67;Um ano após conflito com polícia, professores vão às ruas em Curitiba;29/04/2016;5000;Educação;3;Manifestação na Praça Tiradentes;Manifestação em espaço público;G1 on line;"FONSECA, Alana; DIONÍSIO, Bibiana. Um ano após conflito com polícia, professores vão às ruas em Curitiba. G1, Curitiba, 29 abr. 2016. Paraná. Disponível em: <http://g1.globo.com/pr/parana/noticia/2016/04/um-ano-apos-conflito-com-policia-professores-vao-ruas-em-curitiba.html>. Acesso em: 06 jan. 2017.";Praça Tiradentes;-25,429728;-49,271785;Curitiba;Centro
68;Curitiba tem protestos a favor de Sérgio Moro;15/05/2016;100;Estado, Governo e Democracia;6;Manifestação na Boca Maldita;Manifestação em espaço público;G1 on line;G1. Curitiba tem protestos a favor de Sérgio Moro e contra Michel Temer. G1, Curitiba, 15 maio 2016. Paraná. Disponível em: <http://g1.globo.com/pr/parana/noticia/2016/04/um­ano­apos­conflito­com­policia­professores­vao­ruas­em­curitiba.html>. Acesso em: 06 jan. 2017.;Boca Maldita;-25,432129;-49,275440;Curitiba;Centro
69;Protesto contra resoluções do STF e contra Dilma Rousseff no Centro;06/04/2016;;Estado, Governo e Democracia;6;Passeata no centro de Curitiba;Passeata;Bem Paraná;RITZ, Josianne. Repúdio ao STF. Bem Paraná, Curitiba, 07 abr. 2016. Política/Política em debate, p. 3.;Praça 19 de Dezembro, CEP 80020-260;-25,424526;-49,269334;Curitiba;Centro
70;Mulheres de Curitiba protestam contra estupro coletivo do RJ;26/05/2016;400;Segurança Pública;17;Ato na entrada do Teatro Guaíra;Manifestação em espaço público;Gazeta do Povo;NEITSCH, Joana. Mulheres de Curitiba protestam contra estupro coletivo do RJ. Gazeta do Povo, Curitiba, 27 maio 2016. Justiça e Direito. Disponível em: <http://www.gazetadopovo.com.br/vida-publica/justica-e-direito/mulheres-de-curitiba-protestam-contra-estupro-coletivo-do-rj-3l852xboqrh9wipwu2tuzlwcp>. Acesso em 06 jan. 2016. ;Teatro Guaíra - Rua XV de Novembro, 971 - Centro, Curitiba - PR, 80020-310;-25,428303;-49,265564;Curitiba;Centro
71;Moradores ameaçam botar fogo em posto de saúde;17/02/2010;50;Saúde;16;Fogo em pneus;Outros;Banda B;;Rua Herbert Trap, s/n, Guarituba;-25,464232;-49,130016;Piraquara;Guarituba
72;Médicos que atendem pelo SUS fazem protesto na Boca Maldita;25/10/2011;;Saúde;16;Distribuição de panfletos;Manifestação em espaço público;Gazeta do Povo;GERON, B. Médicos que atendem pelo SUS fazem protesto na Boca Maldita. Gazeta do Povo. Curitiba, 25 de Outubro de 2010;Rua Luiz Xavier - Centro - Curitiba - PR, 80020-020;-25,432275;-49,274543;Curitiba;Centro
73;Familiares de pacientes que morreram na UTI do Evangélico pedem justiça no caso Virgínia;02/11/2013;;Saúde;16;Protesto silencioso;Outros;Banda B;"SEQUINEL, M; CUNHA, J. Familiares de pacientes que morreram na UTI do Evangélico pedem justiça no Caso Virgínia. Banda B. Curitiba, 02 de Novembro de 2011";Rua Padre João Sotto Maior, s/n, São Francisco, Curitiba, PR - 80510-250;-25,421763;-49,275188;Curitiba;São Francisco
74;"Curitiba tem protesto contra ""importação"" de médicos";25/05/2013;400;Saúde;16;Passeata;Passeata;Gazeta do Povo;"MARCHIORI, R. Curitiba tem protesto contra ""importação"" de médicos. Gazeta do Povo, Curitiba, 25 de Maio de 2013";Praça Santos de Andrade - Centro - Curitiba;-25,429050;-49,266779;Curitiba;Centro
75;Manifestantes saem às ruas em protesto contra morte de bebê que esperava por vaga em UTI;24/05/2014;50;Saúde;16;Passeata;Passeata;Banda B;"SEQUINEL, M; HENRIQUE, B. Manifestantes saem às ruas em protesto contra morte de bebê que esperava por vaga em UTI. Banda B. Curitiba, 24 de Maio de 2014";Praça Santos de Andrade - Centro - Curitiba - PR;-25,428932;-49,266563;Curitiba;Centro
76;Protesto contra cavaletes abandonados colore a Boca Maldita em Curitiba;29/09/2012;;Espaço sonoro e visual;5;Exposição de obras em cavaletes;Manifestação em espaço público;Gazeta do Povo;JUNIOR, J. P. S. Protesto contra cavaletes abandonados colore a Boca Maldita, em Curitiba. Gazeta do Povo, Curitiba, 29 de Setembro de 2012;Rua Luiz Xavier, s/n, Centro, Curitiba - PR, 80020-020;-25,432184;-49,274225;Curitiba;Centro
77;Moradores de Colombo fecham terminal para protestar contra problemas da cidade;20/06/2013;300;Estado, Governo e Democracia;6;Fechamento do terminal;Fechamento de vias públicas;Banda B;CUNHA, J. Moradores de Colombo fecham terminal para protestar contra problemas da cidade. Banda B, Curitiba, 20 de Junho de 2013;Rua Abel Scuissiato, s/n, Colombo, PR;-25,377367;-49,184583;Colombo;Palmital
78;Manifestantes entram no saguão do Afonso Pena e ficam por meia hora sentados no chão;22/06/2013;1500;Estado, Governo e Democracia;6;Sentados no chão;Outros;SJP News;MANIFESTANTES entram no saguão do Afonso Pena e ficam por meia hora sentados no chão. Sjp News. São José dos Pinhais, p. 01-02. 22 jun. 2013.;Av. Rocha Pombo - Águas Belas, São José dos Pinhais - PR, 83010-900;-25,536266;-49,173809;São José dos Pinhais;Afonso Pena
79;Comerciante fecha rua em protesto contra a OI;20/07/2012;;Infra-estrutura de comunicação;8;Fechamento do cruzamento das vias Rua Agrimensor Carlos Hasselmann, esquina com Alberto Karas;Fechamento de vias públicas;O Popular - Jornal de Araucária e Região;"BERNARDO, Maurenn. Comerciante fecha rua em protesto contra a OI. O Popular, 2012. Disponível em: http://www.opopularpr.com.br/sem-categoria/comerciante-fecha-rua-em-protesto-contra-a-oi/
";Rua Agrimensor Carlos Hasselmann esquina com Alberto Karas;-25,580332;-49,400146;Araucária;Fazenda Velha
80;Curitiba participa de protesto nacional contra o estupro;05/06/2016;60;Segurança Pública;17;Manifestação na praça Santos Andrade;Manifestação em espaço público;Bem Paraná;BEM PARANÁ. Curitiba participa de protesto nacional contra o estupro. Jornal Bem Paraná, Curitiba, 05 jun. 2016. Paraná. Disponível em: <https://www.bemparana.com.br/noticia/447311/curitiba­participa­de­protesto­nacional­contra­o­estupro>. Acesso em: 06 jan. 2017. ;Praça Santos Andrade;-25,428661;-49,266519;Curitiba;Centro
81;MST protesta contra Michel Temer;08/06/2016;1250;Moradia;11;Acampamento na sede do Incra;Ocupação de prédios ou terrenos;G1 on line;G1. Depois de acampar no Incra, MST ocupa o prédio da Conab, em Curitiba. G1 online, Curitiba, 08 jun. 2016. Paraná. Disponível em: <http://g1.globo.com/pr/parana/noticia/2016/06/depois-de-acampar-no-incra-mst-ocupa-o-predio-da-conab-em-curitiba.html>. Acesso em: 06 jan. 2016;Ao lado da Rua Martin Afonso, Rua Desembargador Motta, S/N - Mercês, Curitiba - PR, 80430-200;-25,428980;-49,286108;Curitiba;Mercês
82;Integrantes do MTST fazem marcha e são recebidos na prefeitura de Curitiba;08/06/2016;;Moradia;11;;;Parana Online - Tribuna PR;SARZI, Lucas. Integrantes do MTST fazem marcha e são recebidos na prefeitura de Curitiba. Jornal Tribuna PR, Curitiba, 08 jun. 2016. Paraná. Disponível em: <http://www.tribunapr.com.br/noticias/parana/integrantes­do­mtst­fazem­marcha­e­sao­recebidos­na­prefeitura­de­curitiba/>. Acesso em: 06 jan. 2017;Av. Cândido de Abreu, 817;-25,416917;-49,269042;Curitiba;Centro Cívico
83;MST realiza protestos contra Michel Temer;10/06/2016;1200;Estado, Governo e Democracia;6;Protesto em frente ao INCRA;Fechamento de vias públicas;G1 on line;"DIONISIO, Bibiana; JUSTI, Adriana. MST e sindicatos realizam protestos em Curitiba contra Michel Temer. Portal G1 online, Curitiba, 10 jun. 2016. Paraná. Disponível em: <http://g1.globo.com/pr/parana/transito/noticia/2016/06/mst­realiza­protestos­em­diferentes­pontos­de­curitiba.html>. Acesso em: 06 jan. 2017. ";Caixa Econômica Federal, Praça Carlos Gomes;-25,433066;-49,270567;Curitiba;Centro
88;Manifestação contra Michel Temer na Praça Santos Andrade;10/06/2016;1000;Trabalho e Direitos Trabalhistas;18;Manifestação na praça Santos Andrade;Manifestação em espaço público;G1 on line;G1. Grupos promovem protestos contra Michel Temer, em Curitiba e região. G1 online, Curitiba, 10 jun. 2016. Paraná. Disponível em: <http://g1.globo.com/pr/parana/noticia/2016/06/grupos-promovem-protestos-contra-michel-temer-em-curitiba-e-regiao.html>. Acesso em: 02 fev. 2017.;Praça Santos Andrade;-25,428782;-49,266408;Curitiba;Centro
89;Curitiba faz vigília nas escadarias da UFPR por mortos em Orlando;13/06/2016;50;Segurança Pública;17;Manifestação nas escadarias da UFPR;Manifestação em espaço público;Bem Paraná;BEM PARANÁ. Curitiba faz vigília nas escadarias da UFPR por mortos em Orlando. Portal Bem Paraná, Curitiba, 13 jun. 2016. Paraná. Disponível em: <https://www.bemparana.com.br/noticia/448633/curitiba-faz-vigilia-nas-escadarias-da-ufpr-por-mortos-em-orlando>. Acesso em: 06 jan. 2017. ;Praça Santos Andrade;-25,428625;-49,266374;Curitiba;Centro
90;Manifestação em terminal da RMC gera tumulto entre passageiros;16/06/2016;;Transporte, trânsito e circulação;19;Impedimento de circulação dos ônibus das linhas Santa Tereza e Ana Rosa;Outros;Parana Online - Tribuna PR;TRIBUNA PR. Manifestação em terminal da RMC gera tumulto entre passageiros. Tribuna PR, Curitiba, 16 jun. 2016. Curitiba e região. Disponível em: <http://www.tribunapr.com.br/noticias/curitiba-regiao/manifestacao-em-terminal-da-rmc-gera-tumulto-entre-passageiros/>. Acesso em: 06 jan. 2016. ;Terminal Metropolitano Roça Grande, 2317, Rod. da Uva, 2129 ;-25,345795;-49,220170;Colombo;Roça Grande
93;Taxistas e motoristas do uber em clima de tensão da Câmara de Curitiba;27/06/2016;350;Transporte, trânsito e circulação;19;Câmara Municipal, Prefeitura, Justiça Federal;Passeata;Parana Online - Tribuna PR;SARZI, Lucas. Taxistas e motoristas do uber em clima de tensão da Câmara de Curitiba. Jornal Tribuna PR, Curitiba, 27 jun. 2016. Curitiba e Região. Disponível em: <http://www.tribunapr.com.br/noticias/curitiba-regiao/taxistas-e-motoristas-do-uber-em-clima-de-tensao-na-camara-de-curitiba/>. Acesso em: 06 jan. 2017.;Prefeitura Municipal de Curitiba, Av. Cândido de Abreu, 817;-25,416697;-49,269086;Curitiba;Centro Cívico
94;Taxistas protestam contra a Uber ;07/07/2016;;Transporte, trânsito e circulação;19;Manifestação iniciou na radiotáxi Faixa Vermelha e seguiu para a Justiça Federal;Carreatas ou manifestações sobre rodas;G1 on line;DIONÍSIO, Bibiana. Taxistas protestam contra a Uber e pedem apoio ao juiz Sérgio Moro. Portal G1, Curitiba, 07 jul. 2016. Paraná. Disponível em: <http://g1.globo.com/pr/parana/noticia/2016/07/taxistas-protestam-contra-uber-e-pedem-apoio-ao-juiz-sergio-moro.html>. Acesso em: 06 jan. 2017.;Justiça Federal de 1° Grau do Paraná,  Av. Anita Garibaldi, 888;-25,403833;-49,257832;Curitiba;Ahú
95;Povo se revolta contra mudanças e impede saída de ônibus em Colombo;07/07/2016;;Transporte, trânsito e circulação;19;Moradores impediram saída dos automóveis da Viação Colombo;Outros;Parana Online - Tribuna PR;SARZI, Lucas. Povo se revolta contra mudanças e impede saída de ônibus em Colombo. Jornal Tribuna PR, Curitiba, 07 jul. 2016. Paraná. Disponível em: <http://www.tribunapr.com.br/noticias/parana/povo-se-revolta-contra-mudancas-e-impede-saida-de-onibus-em-colombo/>. Acesso em: 06 jan. 2017.;Viação Colombo Ltda, Rodovia da Uva, 3884;-25,330814;-49,220803;Colombo;Roça Grande
97;Marcha das Vadias em Curitiba faz protesto contra o fascismo;09/07/2016;;Gênero, Raça, Etnia e Diversidade ;7;Concentração na Praça 19 de dezembro;Manifestação em espaço público;G1 on line;G1. Marcha das Vadias em Curitiba faz protesto contra o fascismo. Portal G1, Curitiba, 09 jul. 2016. Paraná. Disponível em: <http://g1.globo.com/pr/parana/noticia/2016/07/marcha-das-vadias-em-curitiba-faz-protesto-contra-o-fascismo.html>. Acesso em: 06 jan. 2017. ;Boca Maldita;-25,432073;-49,275505;Curitiba;Centro
98;Em ato nacional, movimento indígena ocupa sede da Funai em Curitiba ;13/07/2016;20;Questões Fundiárias;14;Ocupação da Funai;Ocupação de prédios ou terrenos;G1 on line;DIONÍSIO, Bibiana. Em ato nacional, movimento indígena ocupa sede da Funai em Curitiba. Portal G1, Curitiba, 13 jul. 2016. Paraná. Disponível em: <http://g1.globo.com/pr/parana/noticia/2016/07/em-ato-nacional-movimento-indigena-ocupa-sede-da-funai-em-curitiba.html>. Acesso em: 06 jan. 2017. ;Funai, R. Des. Clotário Portugal, 222;-25,428419;-49,277497;Curitiba;São Francisco
99;Movimento faz ato para “celebrar” demora na regulamentação do aluguel social em Curitiba;15/07/2016;200;Moradia;11;Manifestação em frente Prefeitura;Outros;Gazeta do Povo;DENK, Eriksson. Movimento faz ato para “celebrar” demora na regulamentação do aluguel social em Curitiba. Jornal Gazeta do Povo, Curitiba, 15 jul. 2016. Vida e Cidadania. Disponível em: <http://www.gazetadopovo.com.br/vida-e-cidadania/movimento-faz-ato-para-celebrar-demora-na-regulamentacao-do-aluguel-social-em-curitiba-0o3aldhtzya4u86t4wj2mq7w5#ancora-1>. Acesso em: 06 jan. 2017. ;Prefeitura Municipal de Curitiba, Av. Cândido de Abreu, 817;-25,417134;-49,269015;Curitiba;Centro Cívico
100;Protestos marcam início da passagem da tocha olímpica por Curitiba;14/07/2016;;Estado, Governo e Democracia;6;Manifestação em frente ao Museu Oscar Niemeyer;Passeata;Gazeta do Povo;GAZETA DO POVO. Protestos marcam início da passagem da tocha olímpica por Curitiba. Jornal Gazeta do Povo, Curitiba, 14 jul. 2016. Poliesportiva. Disponível em: <http://www.gazetadopovo.com.br/esportes/poliesportiva/protestos-marcam-inicio-da-passagem-da-tocha-olimpica-por-curitiba-coj10irpgf6dk16bu98wa3eyd>. Acesso em: 06 jan. 2017. ;Museu Oscar Niemeyer, R. Mal. Hermes, 999;-25,409856;-49,266088;Curitiba;Centro Cívico
103;Moro participa de ato contra mudança na lei sobre abuso de autoridade ;28/07/2016;;Segurança Pública;17;;;G1 on line;G1. Moro participa de ato contra mudança na lei sobre abuso de autoridade. Jornal O Globo, Curitiba, 28 jul. 2016. Brasil. Disponível em: <http://oglobo.globo.com/brasil/moro-participa-de-ato-contra-mudanca-na-lei-sobre-abuso-de-autoridade-19804073>. Acesso em: 06 jan. 2017. ;Justiça Federal de 1° Grau do Paraná, Av. Anita Garibaldi, 888;-25,403682;-49,527914;Curitiba;Ahú
104;Protesto a favor do impeachment;31/07/2016;3000;Estado, Governo e Democracia;6;Concentração na Praça Santos Andrade;Manifestação em espaço público;Parana Online - Tribuna PR;PARANÁ ONLINE. Manifestantes pró e contra impeachment se reúnem em praças de Curitiba. Jornal Tribuna PR, Curitiba, 31 jul. 2016. Paraná. Disponível em: <http://www.tribunapr.com.br/noticias/parana/manifestantes-pro-e-contra-impeachment-se-reunem-em-pracas-de-curitiba/>. Acesso em: 06 jan. 2017. ;Praça Santos Andrade;-25,428564;-49,266488;Curitiba;Centro
105;Protesto contra impeachment;31/07/2016;;Estado, Governo e Democracia;6;Manifestação na Rui Barbosa e 19 de Dezembro;Manifestação em espaço público;Parana Online - Tribuna PR;PARANÁ ONLINE. Manifestantes pró e contra impeachment se reúnem em praças de Curitiba. Jornal Tribuna PR, Curitiba, 31 jul. 2016. Paraná. Disponível em: <http://www.tribunapr.com.br/noticias/parana/manifestantes-pro-e-contra-impeachment-se-reunem-em-pracas-de-curitiba/>. Acesso em: 06 jan. 2017.;Praça 19 de Dezembro;-25,424672;-49,269457;Curitiba;Centro
106;Moradores do Mercês e Vista Alegre fazem protesto pedindo segurança;07/08/2016;;Segurança Pública;17;Cruzamento das ruas Jacarezinho e Manoel Ribas;Passeata;Parana Online - Tribuna PR;BENETTA, Leilane. Moradores do Mercês e Vista Alegre fazem protesto pedindo segurança. Jornal Tribuna PR, Curitiba, 07 ago. 2016. Curitiba e Região. Disponível em: <http://www.tribunapr.com.br/noticias/curitiba-regiao/moradores-do-merces-e-vista-alegre-fazem-protesto-pedindo-mais-seguranca/>. Acesso em: 06 jan. 2017.;Cruzamento rua Jacarezinho e Manoel Ribas, Av. Manoel Ribas, 1349;-25,422077;-49,291874;Curitiba;Mercês
107;Artistas fazem ato no PR contra corrupção e em apoio a Moro;08/08/2016;;Estado, Governo e Democracia;6;Manifestação em frente à Justiça Federal do Paraná;Passeata;;;Justiça Federal de 1° Grau do Paraná, Avenida Anita Garibaldi, 888;-25,403979;-49,257759;Curitiba;Ahú
108;Protestos das Centrais Sindicais contra a precarização dos diretos trabalhistas;16/08/2016;;Trabalho e Direitos Trabalhistas;18;Ato na praça Santos Andrade;Manifestação em espaço público;Banda B;PORTAL BANDA B. Contra o golpe, entidades sindicais fazem manifestação em Curitiba. Portal Banda B, Curitiba, 16 ago. 2016. Disponível em: <http://www.bandab.com.br/jornalismo/contra-o-golpe-e-favor-dos-trabalhadores-entidades-sindicais-fazem-manifestacao-em-curitiba/>. Acesso em 06 jan. 2017. ;Praça Santos Andrade;-25,428565;-49,266391;Curitiba;Centro
109;Cerca de mil pessoas participaram de protesto;28/06/2013;1000;Estado, Governo e Democracia;6;Passeata;Passeata;O Popular - Jornal de Araucária e Região;BARBOSA, W. Cerca de mil pessoas participaram de protesto. O popular, Araucária, 01 de Maio de 2014.;R. Irmã Elizabeth Werka, 55 - Fazenda Velha, Araucária - PR, 83704-580;-25,575366;-49,400508;Araucária;Fazenda Velha
111;Manifestação contra Copa termina com dupla detida por quebrar prefeitura com vaso sanitário;03/05/2014;50;Estado, Governo e Democracia;6;Passeata;Passeata;Banda B;"JUBANSKI, E.; NASCIMENTO, A. Manifestação contra Copa termina com dupla detida por quebrar prefeitura com vaso sanitário. Banda B, Curitiba, 04 de Maio de 2014.";Rua Luiz Xavier - Centro, Curitiba - PR, 80020-020;-25,432257;-49,274592;Curitiba;Centro
112;Moradores acusam Copel de cortar luz e, em protesto, fecham sentido Sul da Linha Verde;16/04/2014;;Energia e gás;4;Fechamento do sentido Sul da linha Verde;Fechamento de vias públicas;Banda B;"Banda B. Moradores acusam Copel de cortar luz e, em protesto, fecham sentido Sul da Linha Verde. Banda B, Curitiba, 16 abr. 2014. Disponível em <http://www.bandab.com.br/jornalismo/moradores-acusam-copel-cortar-luz-protesto-fecham-sentido-sul-linha-verde/>. Acesso em 10 fev. 2017.
";Rodovia Regis Bittencourt 16464;-25,499470;-49,278631;Curitiba;Capão Raso
113;Há dois dias sem luz, moradores do Pinheirinho protestam;18/01/2012;;Energia e gás;4;Protesto na rua Julio Teodorico Guimarães;Passeata;Banda B;Banda B. Há dois dias sem luz, moradores do Pinheirinho protestam. Banda B, Curitiba, 18 jan. 2012. Disponível em <http://www.bandab.com.br/jornalismo/ha-dois-dias-sem-luz-moradores-do-pinheirinho-protestam/> Acesso em 10 fev 2017;Rua Júlio Theodorico Guimarães, Pinheirinho, Curitiba;-25,527154;-49,271219;Curitiba;Pinheirinho
114;Professores protestam e relembram 30 de agosto de 1988 em Curitiba ;30/08/2016;5500;Educação;3;Concentração na Praça Santos Andrade e percurso até o Centro Cívico;Passeata;G1 on line;DIONÍSIO, Bibiana. Professores protestam e relembram 30 de agosto de 1988 em Curitiba. G1, Curitiba, 30 ago. 2016. Paraná. Disponível em: <http://g1.globo.com/pr/parana/noticia/2016/08/professores-protestam-e-relembram-30-de-agosto-de-1988-em-curitiba.html>. Acesso em: 06 jan. 2017.;Praça Santos Andrade;-25,428753;-49,266324;Curitiba;Centro
115;Protesto contra Michel Temer;31/08/2016;500;Estado, Governo e Democracia;6;Concentração na praça 19 de dezembro e percurso até Praça Santos Andrade;Passeata;Band News;BANDNEWS FM CURITIBA. Curitiba tem manifestação contra Temer após impeachment. BandNews FM Curitiba, Curitiba, 31 ago. 2016. Disponível em: <http://bandnewsfmcuritiba.com/curitiba­-tem-­manifestacao­-contra-­temer-­apos­impeachment/>. Acesso em: 06 jan. 2017. ;Praça 19 de Dezembro;-25,424687;-49,269469;Curitiba;Centro
116;Protesto a favor do impeachment;31/08/2016;500;Estado, Governo e Democracia;6;Carreata iniciou na Praça Nossa Senhora do Salete;Carreatas ou manifestações sobre rodas;G1 on line;G1. Curitiba tem protestos contra e a favor do impeachment de Dilma. G1, Curitiba, 31 ago. 2016. Paraná. Disponível em: <http://g1.globo.com/pr/parana/noticia/2016/08/curitiba­-tem-­protestos-­contra-­e-­favor-­do-­impeachment-­de­dilma.html>. Acesso em: 06 jan. 2017. ;Praça Nossa Senhora do Salete;-25,414870;-49,268116;Curitiba;Centro Cívico
117;Protesto contra Michel Temer;01/09/2016;400;Estado, Governo e Democracia;6;Concentração na Boca Maldita e percurso até Boca Maldita;Passeata;Gazeta do Povo;"BORDIN, Laura B.; SALEH, Dayane. Manifestantes do “Fora Temer” depredam prédios e picham ônibus e estações-tubo em Curitiba. Gazeta do Povo, Curitiba, 01 set. 2016. Vida Pública. Disponível em: <http://www.gazetadopovo.com.br/vida-publica/manifestantes-do-fora-temer-depredam-predios-e-picham-onibus-e-estacoes-tubo-em-curitiba-29wod6ovrfixej9aqj79e7clp>. Acesso em: 15 fev. 2017.";Praça Carlos Gomes;-25,433263;-49,270582;Curitiba;Centro
118;Protesto contra Michel Temer;04/09/2016;2500;Estado, Governo e Democracia;6;Concentração na PRaça 19 de Dezembro e percurso até Boca Maldita;Passeata;Bem Paraná;"BEM PARANÁ. Manifestantes fazem ""arrastão"" de vandalismo na Vicente Machado. Veja vídeo. Bem Paraná, Curitiba, 04 set. 2016. Política. Disponível em: <https://www.bemparana.com.br/noticia/462843/manifestantes­fazem­arrastao­de­vandalismo­na­vicente­machado.­veja­video>. Acesso em: 06 jan. 2017. 
";Boca Maldita;-25,432293;-49,274670;Curitiba;Centro
120;MST acampa em frente ao INCRA contra o golpe e por reforma agrária;05/09/2016;1000;Estado, Governo e Democracia;6;Ocupação do Instituto Nacional de Colonização e Reforma Agrária (INCRA);Ocupação de prédios ou terrenos;Brasil de Fato;GHISI, Ednubia. Em Curitiba, MST acampa em frente ao INCRA contra o golpe e por reforma agrária. Jornal Brasil de Fato, Curitiba, 05 set. 2016. Geral. Disponível em: <https://www.brasildefato.com.br/2016/09/05/em-curitiba-mst-ocupa-o-incra-contra-o-golpe-e-por-reforma-agraria/>. Acesso em: 16 fev. 2017. ;Instituto Nacional de Colonização e Reforma Agrária (INCRA), R. Dr. Faivre, 1220 ;-25,433701;-49,258955;Curitiba;Centro
121;Metalúrgicos ocupam marginal da BR-277 para protestar;05/09/2016;;Trabalho e Direitos Trabalhistas;18;Concentração na Renault (SJP) e percurso até o Centro de Curitiba;Passeata;Parana Online - Tribuna PR;SARZI, Lucas. Metalúrgicos ocupam marginal da BR-277 para protestar. Jornal Tribuna PR, Curitiba, 05 set. 2016. Curitiba e Região. Disponivel em: <http://www.tribunapr.com.br/noticias/curitiba-regiao/metalurgicos-ocupam-marginal-da-br-277-para-protestar/>. Acesso em: 06 jan. 2017. ;BR-277, Próximo à Montadora Renaut, Av. Renault, 277;-25,520562;-49,111792;São José dos Pinhais;Roseira de São Sebastião
123;Manifestantes fazem ato pedindo a saída de Michel Temer, em Curitiba;06/09/2016;1000;Estado, Governo e Democracia;6;Concentração na Praça 19 de Dezembro e percurso até a Boca Maldita;Passeata;G1 on line;G1. Manifestantes fazem ato pedindo a saída de Michel Temer, em Curitiba. G1, Curitiba, 06 set. 2016. Paraná. Disponível em: <http://g1.globo.com/pr/parana/noticia/2016/09/manifestantes-fazem-ato-pedindo-saida-de-michel-temer-em-curitiba.html>. Acesso em: 06 jan. 2017. ;Praça 19 de Dezembro;-25,424448;-49,269436;Curitiba;Centro
124;Protesto contra Temer;07/09/2016;200;Estado, Governo e Democracia;6;Concentração na Praça 19 de Dezembro e percurso até Boca Maldita;Passeata;Bem Paraná;BEM PARANÁ. Curitiba faz “quina” contra Temer e marca protesto contra Cunha. Bem Paraná, Curitiba, 07 set. 2016. Paraná. Disponível em: <https://www.bemparana.com.br/noticia/463302/curitiba-faz-quina-contra-temer-e-marca-protesto-contra-cunha>. Acesso em: 06 jan. 2017. ;Boca Maldita;-25,432260;-49,274753;Curitiba;Centro
126;Curitiba tem “fora” Temer e Cunha;12/09/2016;200;Estado, Governo e Democracia;6;Passeata;Passeata;Bem Paraná;BEM PARANÁ. Protesto contra Cunha reúne manifestantes em Curitiba. Bem Paraná, Curitiba, 12 set. 2016. Política. Disponível em: <https://www.bemparana.com.br/noticia/463977/protesto-contra-cunha-reune-manifestantes-em-curitiba>. Acesso em: 06 jan. 2017.;Boca Maldita;-25,432375;-49,274943;Curitiba;Centro
128;Manifestantes fazem ato contra o governo Temer em Curitiba;22/09/2016;500;Estado, Governo e Democracia;6;Origem na Praça Santos Andrade e percurso até Boca Maldita;Passeata;Bem Paraná;BEM PARANÁ. Manifestantes fazem ato contra o governo Temer em Curitiba. Bem Paraná, Curitiba, 22 set. 2016. Política. Disponível em: <http://www.bemparana.com.br/noticia/465848/manifestantes-fazem-ato-contra-o-governo-temer-em-curitiba>. Acesso em 06 jan. 2017. ;Praça Santos Andrade;-25,428560;-49,266480;Curitiba;Centro
129;Moradores fazem ato em frente à US abandonada no bairro Santa Cândida, em Curitiba ;24/09/2016;;Saúde;16;Fechamento de rua e queima de pneus;Fechamento de vias públicas;Brasil de Fato;CARRANO, Pedro. Moradores fazem ato em frente à US abandonada no bairro Santa Cândida, em Curitiba. Jornal Brasil de Fato, Curitiba, 26 set. 2016. Geral. Disponível em: <https://www.brasildefato.com.br/2016/09/26/moradores-fazem-ato-em-frente-a-us-abandonada-no-bairro-santa-candida-em-curitiba/>. Acesso em: 16 fev. 2017. ;Unidade de Saúde Jardim Aliança, Av. Paraná, 5050 ;-25,375449;-49,223760;Curitiba;Santa Cândida
130;Protesto em Curitiba aponta irregularidades na URBS ;28/09/2016;;Trabalho e Direitos Trabalhistas;18;Ato em frente à prefeitura;Manifestação em espaço público;Brasil de Fato; RAMIRES, Manolo. Protesto em Curitiba aponta irregularidades na URBS. Brasil de Fato. Curitiba, p. 01-02. 28 set. 2016. Disponível em: <https://www.brasildefato.com.br/2016/09/28/protesto-em-curitiba-aponta-irregularidades-na-urbs/>. Acesso em: 28 ago. 2017.;Prefeitura de Curitiba -Centro Cívico - Av. Cândido de Abreu, 817 - Centro, Curitiba - PR, 80530-908;-25,417120;-49,269124;Curitiba;Centro
131;Protesto contra a mudanc?a do CRAS;09/08/2013;;Vizinhança;20;Reunião em frente ao CRAS;Manifestação em espaço público;O Popular - Jornal de Araucária e Região;"BERNARDO, Mauren. Protesto contra a mudança do CRAS. O Popular, Araucária - 09 de Agosto de 2013. Disponível em: http://www.opopularpr.com.br/noticias/sem-categoria/protesto-contra-a-mudanca-do-cras/
";R. Alberto Karas, 918;-25,585274;-49,406547;Araucária;São Sebastião
132;Alunos fazem protesto em frente a? Prefeitura de Araucária;04/02/2007;;Educação;3;Marcha e protesto em frente à Prefeitura de Araucária;Passeata;O Popular - Jornal de Araucária e Região;Alunos fazem protesto em frente a? Prefeitura. O Popular, Araucária, 04 de fevereiro de 2007. Disponível em: http://www.opopularpr.com.br/noticias/sem-categoria/alunos-fazem-protesto-em-frente-a-prefeitura/;https://goo.gl/maps/n3iNcng76KR2;-25,590569;-49,400420;Araucária;Centro
134;Nem uma a menos;07/01/2017;;Gênero, Raça, Etnia e Diversidade ;7;Passeata na rua XV de Novembro;Passeata;Banda B;BANDA B. Primeira Marcha das Vadias do ano se reúne em Curitiba para combater violência contra mulheres. Banda B, Curitiba, 07 jan. 2017. Disponível em <http://www.bandab.com.br/jornalismo/para-combater-violencia-contra-mulheres-primeira-marcha-das-vadias-do-ano-se-reune-em-curitiba/>. Acesso em 10 fev. 2017. ;Boca Maldita - Rua Luiz Xavier, 34-68 - Centro, Curitiba - PR, 80020-020;-25,432489;-49,275025;Curitiba;Centro
136;Motoristas e cobradores de duas empresas param atividades em Curitiba;10/01/2017;2000;Transporte, trânsito e circulação;19;Greve;Paralisação e greve;Banda B;BANDA B. Motoristas e cobradores de duas empresas param atividades em Curitiba? negociações continuam. Banda B, Curitiba, 10 jan. 2017. Disponível em <http://www.bandab.com.br/jornalismo/sem-salario-motoristas-e-cobradores-da-grande-curitiba-realizam-assembleia-nesta-terca/> Acesso em 10 fev. 2017.;BR 116, Km100, nº 12.290 (Linha Verde), Parolin, Curitiba;-25,469014;-49,254291;Curitiba;Parolin
137;Guardas de SJP fazem paralisação e denunciam perseguição de comandantes;17/01/2017;;Segurança Pública;17;Manifestação em frente à Secretaria Municipal de Segurança Pública;Manifestação em espaço público;Parana Online - Tribuna PR;SARZI, Lucas. Guardas de SJP fazem paralisação e denunciam perseguição de comandantes. Tribuna, Curitiba, 17 jan. 2017. Disponível em <http://www.tribunapr.com.br/noticias/seguranca/guardas-de-sjp-cruzam-os-bracos-e-denunciam-perseguicao-de-comandantes/>. Acesso em 10 fev. 2017;R. Passos de Oliveira, 1101, Centro, São José dos Pinhais;-25,534402;-49,207095;São José dos Pinhais;Centro
138;Funcionários do Evangélico fazem greve para reivindicar 13º e benefícios atrasados;18/01/2017;;Saúde;16;Greve dos funcionários do Hospital Evangélico;Paralisação e greve;Banda B;"Banda B. Em greve desde segunda, funcionários do Evangélico se reúnem para
reivindicar 13º e benefícios atrasados. Banda B, Curitiba, 18 jan 2017. Disponível em http://www.bandab.com.br/jornalismo/em-greve-desde-segunda-funcionarios-do-evangelico-se-reunem-para-reivindicar-13o-e-beneficios-atrasados/. Acesso em 14 fev. 2017";Alameda Augusto Stellfeld 1908, Bigorrilho, Curitiba;-25,434773;-49,291975;Curitiba;Champagnat
139;Com assembleias, Sindimoc inicia campanha salarial 2017: “Motoristas e cobradores estão preocupados”;18/01/2017;;Transporte, trânsito e circulação;19;Assembleia na Praça Rui Barbosa;Manifestação em espaço público;Banda B;"Banda B. Com assembleias, Sindimoc inicia campanha salarial 2017: “Motoristas e
cobradores estão preocupados”. Banda B, Curitiba, 18 jan 2017. Disponível em http://www.bandab.com.br/jornalismo/com-assembleia-sindimoc-inicia-campanha-salarial-2017-motoristas-e-cobradores-estao-preocupados/. Acesso em 14 fev 2017.";Praça Rui Barbosa, Centro, Curitiba;-25,436045;-49,273422;Curitiba;Centro
141;Protesto de motoristas e cobradores afeta 45 linhas da Grande Curitiba;23/01/2017;1000;Trabalho e Direitos Trabalhistas;18;Paralisação e Greve;Paralisação e greve;Parana Online - Tribuna PR;DEREVECKI, Raquel. Protesto de motoristas e cobradores afeta 45 linhas da Grande Curitiba. Tribuna, Curitiba, 22 jan. 2017. Disponível em http://www.tribunapr.com.br/noticias/curitiba-regiao/motoristas-e-cobradores-da-ccd-e-tamandare-filial-realizam-novo-protesto/. Acesso em 15 fev. 2017.;BR 116, Km100, nº 12.290 (Linha Verde), Parolin;-25,468750;-49,254060;Curitiba;Parolin
142;Contra medidas do governo, professores ocupam sede da Secretaria de Educação em Curitiba;26/01/2017;200;Educação;3;Ocupação da Seed;Ocupação de prédios ou terrenos;Banda B;Banda B. Contra medidas do governo, professores ocupam sede da Secretaria de Educação em Curitiba. Banda B, Curitiba, 26 jan 2017. Disponível em http://www.bandab.com.br/jornalismo/contra-medidas-do-governo-professores-ocupam-sede-da-secretaria-de-educacao-em-curitiba/. Acesso em 14 fev 2017;Av. Água Verde 2140, Água Verde, Curitiba;-25,454049;-49,292715;Curitiba;Água Verde
143;Curitibanos se organizam e limpam parque ‘esquecido’;29/01/2017;;Parques, jardins e florestas;13;Mutirão de limpeza;Manifestação em espaço público;Banda B;Banda B. Curitibanos se organizam e limpam parque ‘esquecido’? “Ou fazíamos algo ou ficaria um nojo’. Banda B, Curitiba, 31 jan 2017. Disponível em http://www.bandab.com.br/jornalismo/curitibanos-se-organizam-e-limpam-parque-esquecido-ou-faziamos-algo-ou-ficaria-um-nojo/. Acesso em 15 fev 2017.;Rua Ângelo Marqueto 2054, Augusta, Curitiba;-25,475527;-49,375510;Curitiba;Augusta
144;Servidores públicos protestam contra falta de pagamento de reajuste salarial;01/02/2017;200;Trabalho e Direitos Trabalhistas;18;Manifestação em frente a Alep;Manifestação em espaço público;Brasil de Fato;Brasil de Fato. Servidores protestam contra calote e são proibidos de entrar na Alep. Brasil de Fato, Curitiba, 01 fev 2017. Disponível em https://www.brasildefato.com.br/2017/02/01/servidores-protestam-contra-calote-e-sao-proibidos-de-entrar-na-assembleia/. Acesso em 10 abr 2017;Praça Nossa Senhora do Salete;-25,414704;-49,268203;Curitiba;Centro Cívico
145;Amigos de copeira assassinada por policial civil protestam por justiça;02/02/2017;;Segurança Pública;17;Manifestação em frente ao Tribunal do Júri de Curitiba;Manifestação em espaço público;Banda B;"BANDA B. Em manifestação, chefe de copeira morta por investigadora diz que ela
era uma luz para pacientes que lutavam pela vida. Banda B, Curitiba, 02 fev. 2017. Disponível em http://www.bandab.com.br/jornalismo/em-manifestacao-chefe-de-copeira-morta-por-investigadora-diz-que-ela-era-uma-luz-para-pacientes-que-lutam-pela-vida/. Acesso em 17 fev 2017";R. Ernâni Santiago de Oliveira 268, Centro Cívico, Curitiba;-25,416329;-49,269273;Curitiba;Centro Cívico
146;Dia Internacional das Mulheres - 8M;08/03/2017;5000;Gênero, Raça, Etnia e Diversidade ;7;Passeata com carro de som;Passeata;Gazeta do Povo;REDAÇÃO. Dia Internacional da Mulher em Curitiba é marcado por protestos. Gazeta da Povo. Curitiba. 08 mar. 2017. Disponível em: <http://www.gazetadopovo.com.br/vida-e-cidadania/dia-internacional-da-mulher-em-curitiba-e-marcado-por-protestos-6iift37avx1s3g85dwgyisdsd>. Acesso em: 26 ago. 2017.;Praça Santos Andrade - Centro Curitiba - PR;-25,428797;-49,266306;Curitiba;Centro
147;Greve Geral 15/03;15/03/2017;40000;Trabalho e Direitos Trabalhistas;18;Paralisação;Paralisação e greve;Bem Paraná;BEM PARANÁ. Dia de greve geral reúne categorias contra reforma. Bem Paraná, 15 de março de 2017. Economia, p. 6.;Praça Tiradentes - Centro Curitiba - PR;-25,429794;-49,272204;Curitiba;Centro
149;Protesto contra a terceirização no Centro da Cidade;31/03/2017;2000;Trabalho e Direitos Trabalhistas;18;Reunião em praça pública na Boca Maldita;Manifestação em espaço público;Bem Paraná;BEM PARANÁ. Curitibanos protestam. Bem Paraná, 03 de abril de 2017. Política, p. 3.;Boca Maldita - Rua Luiz Xavier, 34-68 - Centro, Curitiba - PR, 80020-020;-25,432332;-49,274595;Curitiba;Centro
150;Ato no Barigui contra reforma da Previdência;09/04/2017;200;Trabalho e Direitos Trabalhistas;18;Caminhada no Parque Barigui;Passeata;Banda B;"BANDA B. Em novo protesto contra a Reforma da Previdência, trabalhadores fazem
‘caminhada’ no Parque Barigui. Banda B, Curitiba, 09 abr. 2017. Disponível em <http://www.bandab.com.br/jornalismo/em-novo-protesto-contra-a-reforma-da-previdencia-trabalhadores-fazem-caminhada-no-parque-barigui/>. Acesso em 20 abr. 2017.";Parque Barigui;-25,429258;-49,314999;Curitiba;Santo Inácio
151;MST faz manifestação em Curitiba;17/04/2017;800;Questões Fundiárias;14;Manifestação em frente à sede do Incra;Manifestação em espaço público;Bem Paraná;BEM PARANÁ. MST faz manifestação em Curitiba. Bem Paraná, 18 de abril de 2017. Cidades, p. 7.;Rua Dr. Faivre, 1210;-25,433595;-49,259023;Curitiba;Centro
153;Sem salário há dois meses, equipe de recicladores de Curitiba protesta e fala em descaso;07/04/2017;;Trabalho e Direitos Trabalhistas;18;Manifestação em frente à sede na rua Eduardo Sprada, no bairro Campo Comprido, em Curitiba.;Manifestação em espaço público;Banda B;"BANDA B. Sem salário há dois meses, equipe de recicladores de Curitiba protesta e
fala em descaso. Banda B, Curitiba, 07 abr. 2017. Disponível em <http://www.bandab.com.br/jornalismo/sem-salario-ha-dois-meses-funcionarios-da-fas-protestam-no-campo-comprido/>. Acesso em 20 abr. 2017.";Rua Eduardo Sprada 4520, Campo Comprido, Curitiba;-25,446771;-49,348528;Curitiba;Campo Comprido
154;Motoristas do Uber protestam e pressionam Greca por regulamentação;11/04/2017;552;Legislação urbana;9;Passeata motorizada do Parque Barigui até o Museu Oscar Miemeyer;Passeata;Banda B;BANDA B.Motoristas do Uber protestam e pressionam Greca por regulamentação. Banda B, Curitiba, 11 abr. 2017. Disponível em <http://www.bandab.com.br/jornalismo/para-pedir-resposta-de-greca-sobre-regulamentacao-motoristas-do-uber-protestam-em-curitiba/>. Acesso em 20 abr. 2017.;Parque Barigui;-25,429002;-49,315003;Curitiba;Santo Inácio
157;“Nosso parque virou depósito de lixo”, desabafa moradora de bairro deixado de lado;18/04/2017;;Parques, jardins e florestas;13;Reclamação enviada à Banda B;Denúncia pública via meio de comunicação de massa;Banda B;"BANDA B. “Nosso parque virou depósito de lixo”, desabafa moradora de bairro
deixado de lado em ‘cartão postal’. Banda B, Curitiba, 18 abr. 2017. Disponível em <http://www.bandab.com.br/jornalismo/nosso-parque-virou-deposito-de-lixo-desabafa-moradora-de-bairro-deixado-de-lado-em-cartao-postal/>. Acesso em 20 abr. 2017.";Parque Cambui - R. Carlos Klemtz s/n, Fazendinha, Curitiba;-25,479143;-49,329150;Curitiba;Fazendinha
158;“O Greca diz a mesma coisa que o Fruet dizia”, reclama síndica que pede iluminação há quatro anos;18/04/2017;;Energia e gás;4;Reclamação enviada à Banda B;Denúncia pública via meio de comunicação de massa;Banda B;"BANDA B. O Greca diz a mesma coisa que o Fruet dizia”, reclama síndica que
pede iluminação decente há quatro anos. Banda B, Curitiba, 18 abr. 2017. Disponível em <http://www.bandab.com.br/jornalismo/o-greca-diz-a-mesma-coisa-que-o-fruet-dizia-reclama-sindica-que-pede-iluminacao-decente-ha-quatro-anos/>. Acesso em 20 abr. 2017.";Rua Alexandro Glenski 757, Ganchinho, Curitiba;-25,563024;-49,254048;Curitiba;Ganchinho
159;Família de motociclista morto no trânsito protesta e vídeo desmente versão de motorista;18/04/2017;;Transporte, trânsito e circulação;19;Manifestação no local do acidente;Manifestação em espaço público;Banda B;"BANDA B. Família de motociclista morto no trânsito protesta e vídeo desmente
versão de motorista: “Não foi acidente”. Banda B, Curitiba, 18 abr. 2017. Disponível em <http://www.bandab.com.br/jornalismo/familia-de-motociclista-morto-no-transito-protesta-e-video-desmente-versao-de-motorista-nao-foi-acidente/>. Acesso em 20 abr. 2017.";Rua João Golin 2, Butiatuvinha, Curitiba;-25,391488;-49,345060;Curitiba;Butiatuvinha
161;Diversas categorias aderem à Greve Geral do dia 28 de abril ;28/04/2017;;Trabalho e Direitos Trabalhistas;18;Passeata da Praça Nossa Senhora de Salete até a Praça Tiradentes;Passeata;Banda B;"BANDA B. Motoristas e cobradores decidem aderir à greve geral e Curitiba pode não ter ônibus na sexta; saiba quem vai parar. Banda B, Curitiba, 25 abr. 2017. Disponível em <http://www.bandab.com.br/jornalismo/motoristas-e-cobradores-decidem-aderir-a-greve-geral-e-curitiba-pode-nao-ter-onibus-na-sexta/>. Acesso em 27 abr. 2017.";Praça Nossa Senhora de Salete, Centro Cívico, Curitiba;-25,414951;-49,268069;Curitiba;Centro Cívico
162;Trabalhadores dos Correios entram em greve em Curitiba;27/04/2017;;Trabalho e Direitos Trabalhistas;18;Greve ;Paralisação e greve;Banda B;"BANDA B. Trabalhadores dos Correios entram em greve em Curitiba e cartas não
devem chegar nos próximos dias. Banda B, Curitiba, 27 abr. 2017. Disponível em <http://www.bandab.com.br/jornalismo/trabalhadores-dos-correios-entram-em-greve-em-curitiba-e-cartas-nao-devem-chegar-nos-proximos-dias/>. Acesso em 27 abr. 2017.";Rua João Negrão 1251, Centro, Curitiba;-25,439649;-49,261967;Curitiba;Centro
163;Prestes a se mudar, casal gay sofre ataque homofóbico no Água Verde;13/04/2017;;Gênero, Raça, Etnia e Diversidade ;7;Distribuição de panfletos no bairro Água Verde;Manifestação em espaço público;Banda B;BANDA B. Prestes a se mudar, casal gay sofre ataque homofóbico no Água Verde: “Violência que mexe com a dignidade”. Banda B, Curitiba, 13 abr. 2017. Disponível em <http://www.bandab.com.br/jornalismo/prestes-a-se-mudar-casal-gay-sofre-ataque-homofobico-no-agua-verde-violencia-que-mexe-com-a-dignidade/>. Acesso em 20 abr. 2017.;Praça Elias Abdo Bittar, Água Verde, Curitiba;-25,461307;-49,279823;Curitiba;Centro
164;Amigos de casal vítima de homofobia realizam protesto em Curitiba;15/04/2017;100;Gênero, Raça, Etnia e Diversidade ;7;Manifestação na Praça Elias Abdo Bittar;Manifestação em espaço público;G1 on line;G1 PR. Amigos de casal vítima de homofobia realizam protesto em Curitiba. Banda B, Curitiba, 15 abr. 2017. Disponível em <http://g1.globo.com/pr/parana/noticia/amigos-de-casal-vitima-de-homofobia-realizam-protesto-em-curitiba.ghtml>. Acesso em 20 abr. 2017.;Praça Elias Abdo Bittar, Rua Castro s/n, Água Verde, Curitiba;-25,461449;-49,280042;Curitiba;Água Verde
165;Servidores municipais fazem protesto em frente à prefeitura contra ‘pacotaço’ de Greca;28/04/2017;;Trabalho e Direitos Trabalhistas;18;Manifestação em frente à Prefeitura de Curitiba;Manifestação em espaço público;Banda B;BANDA B. Servidores municipais fazem protesto em frente à prefeitura contra ‘pacotaço’ de Greca. Banda B, Curitiba, 28 abr. 2017. Disponível em <http://www.bandab.com.br/jornalismo/servidores-municipais-fazem-protesto-em-frente-a-prefeitura-contra-pacotaco-de-greca/>. Acesso em 28 abr. 2017.;Avenida Cândido de Abreu 817, Centro Cívico, Curitiba;-25,417175;-49,268881;Curitiba;Centro Cívico
166;Inconformados com proposta, trabalhadores da Renault decidem entrar em greve na RMC;03/05/2017;6000;Trabalho e Direitos Trabalhistas;18;Greve;Paralisação e greve;Banda B;BANDA B. Inconformados com proposta, trabalhadores da Renault decidem entrar em greve na RMC. Banda B, Curitiba, 03 mai. 2017. Disponível em <http://www.bandab.com.br/jornalismo/inconformados-com-proposta-trabalhadores-da-renault-decidem-entrar-em-greve-na-rmc/>. Acesso em 05 mai. 2017.;Via Frontal Renault, Roseira, São José dos Pinhais;-25,517703;-49,114635;São José dos Pinhais;Roseira de São Sebastião
167;Vigília contra a LGBTFOBIA;17/05/2017;100;Gênero, Raça, Etnia e Diversidade ;7;Manifestação;Manifestação em espaço público;Brasil de Fato;"BRASIL DE FATO. Curitiba recebe Marcha pela Diversidade no dia 21. Brasil de Fato, Curitiba, 18 mai. 2017. Disponível em <https://www.brasildefato.com.br/2017/05/18/curitiba-recebe-marcha-pela-diversidade-no-dia-21/>. Acesso em 29 mai. 2017.
";Praça Santos Andrade, Curitiba;-25,428648;-49,266121;Curitiba;Centro
168;Marcha da Maconha 2017;06/05/2017;3000;Segurança Pública;17;Marcha;Passeata;Facebook;"Hoje!! Marcha Da Maconha Curitiba 2017 - O Sinal Tá Verde!. Disponível em:
<https://www.facebook.com/events/137146773488858/> Acesso em 29 mai.2017.";ALEP - Assembleia Legislativa do Paraná, Praça Nossa Senhora do Salete, s/n ;-25,413910;-49,266503;Curitiba;Centro Cívico
170;Dia Nacional de Luta dos Catadores de Materiais Recicláveis 2017;07/06/2017;;Lixo e resíduos;10;Marcha da Santos de Andrade até a Boca Maldita;Passeata;Brasil de Fato;"GHISI, Ednúbia; SCHRAMM, Franciele Petry. Catadores de Curitiba se mobilizam em Dia Nacional de Lutas. Catadores de Curitiba Se Mobilizam em Dia Nacional de Lutas. Curitiba, 07 jun. 2017. ";Praça Santos Andrade - Centro Curitiba - PR;-25,428610;-49,266037;Curitiba;Centro
171;Slam Contrataque 3ª edição;24/06/2017;;Outros;12;Batalha de poesias ;Manifestação em espaço público;Brasil de Fato;BRASIL DE FATO (Brasil). Agenda Cultural: Slam Contrataque faz ecoar a poesia de protesto em Curitiba. Brasil de Fato. Curitiba, p. 1-2. 23 jun. 2017. Disponível em: <https://www.brasildefato.com.br/2017/06/23/agenda-cultural-salm-contrataque-faz-ecoar-a-poesia-de-protesto-em-Curitiba/>. Acesso em: 23 jun. 2017.;Cavalo Babão - Rua Kellers - São Francisco, Curitiba - PR;-25,427522;-49,273819;Curitiba;São Francisco
172;Estudantes protestam por mais segurança após registro de estupro dentro da UP;09/05/2017;600;Segurança Pública;17;Manifestação com faixas dentro da Universidade Positivo;Manifestação em Espaço Privado;Bem Paraná;ESTUDANTES marcam protesto após caso de estupro em universidade. Bem Paraná. Curitiba. 8 maio 2017. Disponível em: <http://www.bemparana.com.br/noticia/501748/estudantes-marcam-protesto-apos-denuncia-de-estupro-em-universidade-de-curitiba>. Acesso em: 13 jul. 2017.;R. Prof. Pedro Viriato Parigot de Souza, 5300 - Campo Comprido, Curitiba - PR;-25,445691;-49,355836;Curitiba;Campo Comprido
173;Marcha pela Diversidade de Curitiba 2017;25/06/2017;1000;Gênero, Raça, Etnia e Diversidade ;7;Marcha da praça Santos Andrade até Boca Maldita;Passeata;CBN;CURITIBA recebe neste domingo a Marcha da Diversidade: Será realizada na tarde deste domingo (25) a Marcha da Diversidade. A concentração é as 13h30 na praça Santos Andrade e a saída está prevista para as 14 hrs.. Será realizada na tarde deste domingo (25) a Marcha da Diversidade. A concentração é as 13h30 na praça Santos Andrade e a saída está prevista para as 14 hrs.. Cbn. Curitiba, 25 jun. 2017. p. 1-1. Disponível em: <https://cbncuritiba.com/2017/06/25/curitiba-recebe-neste-domingo-marcha-da-diversidade/>. Acesso em: 25 jun. 2017.;Boca Maldita;-25,432237;-49,274631;Curitiba;Centro
174;Carreata Taxistas;23/05/2017;500;Transporte, trânsito e circulação;19;Carreata e buzinaço nas redondezas da Prefeitura;Carreatas ou manifestações sobre rodas;Bem Paraná;OGATA, Ernani. Taxistas fazem carreata no Centro Cívico. Bem Paraná. Curitiba, p. 1-2. 23 maio 2017. Disponível em: <http://www.bemparana.com.br/noticia/504966/taxistas-fazem-carreata-no-centro-civico>. Acesso em: 13 jul. 2017.;Av. Pres. Kennedy, 1863 - Água Verde, Curitiba;-25,461545;-49,274223;Curitiba;Centro Cívico
175;Manifestação em Curitiba por praça no Alto da Glória;29/09/2012;100;Parques, jardins e florestas;13;Bicicletada saindo da Reitoria da UFPR até a Praça;Passeata;Gazeta do Povo;SIMÕES, André.Moradores decoram praça e preparam protestos no Alto da Glória. Gazeta do Povo, Curitiba, 28 set 2012. Disponível em http://www.gazetadopovo.com.br/vida-e-cidadania/moradores-decoram-praca-e-preparam-protestos-no-alto-da-gloria-3xhx399xbqm2is4e2ybwtcocu. Acesso em 22 ago 2017;Rua Doutor Goulin 516, Alto da Glória, Curitiba.;-25,418139;-49,255640;Curitiba;Alto da Glória
176;A Praça do Japão e o contorno da discórdia;28/12/2012;2300;Parques, jardins e florestas;13;Abaixo assinado;Abaixo-assinado, cartas ou solicitações;Gazeta do Povo;BARAN, Katna. A Praça do Japão e o contorno da discórdia. Gazeta do Povo, Curitiba, 28 dez 2012. Disponível em http://www.gazetadopovo.com.br/vida-e-cidadania/a-praca-do-japao-e-o-contorno-da-discordia-0mqgbgv64sxiiliclrdogutzi. Acesso em 22 ago 2017.;Praça do Japão, Água Verde, Curitiba;-25,446103;-49,287329;Curitiba;Água Verde
177;Moradores que tiveram casas alagadas interditam BR-476 em protesto;23/04/2010;;Água, esgoto e drenagem;2;Fechamento da BR 476;Fechamento de vias públicas;Banda B;BANDA B. Moradores-que-tiveram-as-casas-alagadas-interditam-br476-em-protesto. Banda B, Curitiba, 23 abr 2010. Disponível em http://www.bandab.com.br/geral/moradores-que-tiveram-as-casas-alagadas-interditam-br476-em-protesto/. Acesso em 22 ago 2017. ;Estrada da Ribeira 3001, Colombo;-25,364406;-49,186112;Colombo;Maracanã
178;Moradores da Vila Liberdade fecham BR-116 em protesto contra obras paradas;26/04/2010;;Água, esgoto e drenagem;2;Fechamento da BR116;Fechamento de vias públicas;Banda B;BANDA B. Moradores da Vila Liberdade fecham BR116 em protesto contra obras paradas. Banda B, Curitiba, 26 abr 2010. Disponível em http://www.bandab.com.br/jornalismo/moradores-da-vila-liberdade-fecham-br-116-em-protesto-contra-obras-paradas/. Acesso em 22 ago 2017.;R Alfredo Puppi 54, Palmital, Colombo;-25,382221;-49,169142;Colombo;Palmital
179;Moradores protestam contra obra inacabada que deixa ruas alagadas e muito barro;04/08/2010;30;Água, esgoto e drenagem;2;Manifestação em espaço público no Guarituba;Manifestação em espaço público;Parana Online - Tribuna PR;TRIBUNA. Moradores protestam contra obra inacabada que deixa ruas alagadas e muito barro. Tribuna Paraná, Curitiba, 04 ago 2010. Disponível em http://www.tribunapr.com.br/noticias/parana/moradores-protestam-contra-obra-inacabada-que-deixa-ruas-alagadas-e-muito-barro/. Acesso em 22 ago 2017 ;Rua das Tulipas 603, Guarituba, Piraquara;-25,455089;-49,131608;Piraquara;Guarituba
180;Moradores da Vila Leonice invadem terreno da prefeitura e pedem melhorias no bairro;29/01/2011;;Água, esgoto e drenagem;2;Invasão de terreno da Prefeitura de Curitiba localizado na Rua Ovídio Garcez;Ocupação de prédios ou terrenos;Banda B;BANDA B. Moradores do Barreirinha invadem terreno da prefeitura e pedem melhorias no bairro. Banda B, Curitiba, 26 abr 2010. Disponível em http://www.bandab.com.br/jornalismo/moradores-do-barreirinha-invadem-terreno-da-prefeitura-e-pedem-melhorias-no-bairro/. Acesso em 22 ago 2017 ;Rua Ovídio Garcês 473, Cachoeira, Curitiba;-25,350802;-49,259358;Curitiba;Cachoeira
181;Moradores do Novo Mundo fazem protesto depois de nova enchente;01/02/2011;;Água, esgoto e drenagem;2;Bloqueio de várias ruas no bairro Novo Mundo.;Fechamento de vias públicas;Banda B;BANDA B.Moradores do Novo Mundo fazem protesto depois de nova enchente. Banda B, Curitiba, 01 fev 2011. Disponível em http://www.bandab.com.br/jornalismo/moradores-do-novo-mundo-fazem-protesto-depois-de-nova-enchente/. Acesso em 22 ago 2017 ;Rua Baldur Magnus Grubba  2443, Novo Mundo, Curitiba;-25,483473;-49,313305;Curitiba;Novo Mundo
183;Defensoria Pública representará os interesses da Vila Joanita em relação à enchentes;13/06/2014;;Água, esgoto e drenagem;2;Denúncia com apoio da defensoria pública;Denúncia pública via Ministério Público;Defensoria Pública do Estado do Paraná;DP - PR. Visita expõe problemas de moradores com enchentes em Curitiba. Jusbrasil, Curitiba, 03 julho 2014. Disponível em: <https://dp-pr.jusbrasil.com.br/noticias/125665492/visita-expoe-problemas-de-moradores-com-enchentes-em-curitiba> acesso em: 23 ago 2017.;Travessa Brasílio de Lara 73, Tarumã, Curitiba;-25,428480;-49,206273;Curitiba;Tarumã
184;Moradores fecham a Rodovia dos Minérios em protesto contra alagamentos;21/02/2011;200;Água, esgoto e drenagem;2;Bloqueio da Rodovia dos Minérios, queima de móveis e pneus;Fechamento de vias públicas;Banda B;BANDA B. Moradores de Colombo fecham a BR-116 para protestar contra os alagamentos. Banda B, Curitiba, 19 fev 2011. Disponível em http://www.bandab.com.br/jornalismo/moradores-de-colombo-fecham-a-br-116-para-protestar-contra-os-alagamentos/. Acesso em 22 ago 2017 ;Rodovia dos Minérios 1677, Bonfim, Almirante Tamandaré;-25,208724;-49,311404;Almirante Tamandaré;Bonfim
185;Moradores perdem tudo na chuva e fecham Contorno Sul para protestar;07/02/2014;100;Água, esgoto e drenagem;2;Bloqueio com queima de pneus no Contorno Sul;Fechamento de vias públicas;Banda B;BANDA B. Moradores perdem tudo na chuva e fecham Contorno Sul para protestar. Banda B, Curitiba, 07 jun 2014. Disponível em http://www.bandab.com.br/jornalismo/moradores-perdem-tudo-na-chuva-e-fecham-contorno-sul-para-protestar/. Acesso em 22 ago 2017;Rua das Carmelitas 2340, Hauer, Curitiba ;-25,493668;-49,234509;Curitiba;Hauer
187;Segunda enchente em três meses faz moradores protestarem: “Pior do que tá não fica”;03/02/2013;;Água, esgoto e drenagem;2;Manifestação no Jardim Paloma;Manifestação em espaço público;Banda B;BANDA B. Segunda enchente em três meses faz moradores protestarem: “Pior do que tá não fica”. Banda B, Curitiba, 03 fev 2013. Disponível em http://www.bandab.com.br/jornalismo/geral/segunda-enchente-em-tres-meses-faz-moradores-protestarem-pior-do-que-ta-nao-fica/. Acesso em 22 ago 2017;Rua Cerro Azul 30, Paloma, Colombo;-25,356711;-49,155333;Colombo;Paloma
188;Chuva forte causou alagamentos em Curitiba e  Região Metropolitana;21/01/2010;;Água, esgoto e drenagem;2;Queima de Pneus na Avenida Juscelino Kubistchek de Oliveira;Fechamento de vias públicas;Banda B;"BANDA B. Chuva forte causou alagamentos em Curitiba e
Região Metropolitana. Banda B, Curitiba, 21 jan 2010. Disponível em http://www.bandab.com.br/jornalismo/chuva-forte-causou-alagamentos-em-curitiba-e-regiao-metropolitana/. Acesso em 22 ago 2017 ";Avenda Juscelino Kubistchek de Oliveira 9397, CIC, Curitiba;-25,508903;-49,339285;Curitiba;Cidade Industrial
190;Queima de pneus contra as enchentes que castigam Pinhais, São José dos Pinhais e Fazenda Rio Grande;23/01/2011;;Água, esgoto e drenagem;2;Bloqueio da Rua Humberto de Alencar Castelo Branco na esquina com a Rua Prudente de Morais;Fechamento de vias públicas;Gazeta do Povo;"GERON, Vítor; PRATEANO, Vanessa. Chuva provoca protesto e transtornos
em Curitiba. Gazeta do Povo, Curitiba, 24 jan 2011. Disponível emhttp://www.gazetadopovo.com.br/vidaecidadania/conteudo.phtml?id=1089682&tit=Chuva-provoca-protesto-e-transtornos-em-Curitiba. Acesso em 22 ago 2017 ";Rua Humberto de Alencar Castelo Branco 184, Jardim Amélia, Pinhais;-25,435641;-49,162297;Pinhais;Jardim Amélia
191;Alagamentos provocam protestos em ao menos três bairros em Curitiba;07/06/2014;;Água, esgoto e drenagem;2;Bloqueio da Rua das Carmelitas ;Fechamento de vias públicas;Gazeta do Povo;"KOMARCHESKI, Brunar; HORCEL, Luciane. Alagamentos provocam protestos em ao menos três bairros em Curitiba. Gazeta do Povo, Curitiba, 07 jun 2014. Disponível em http://www.gazetadopovo.com.br/vida-e-cidadania/alagamentos-provocam-protestos-em-ao-menos-tres-bairros-em-curitiba-99n0z5fqvdggymxshq…. Acesso em 22 ago 2017";Avenida Juscelino Kubistchek de Oliveira 11800;-25,531937;-49,323674;Curitiba;Cidade Industrial
192;Curitiba: 50 pessoas participaram de protesto contra enchentes na Vila Barigui;12/06/2014;50;Água, esgoto e drenagem;2;Bloqueio da rua João Bettega esq. com Rua Cid Campello;Fechamento de vias públicas;Gazeta do Povo;POMPEO, Carolina. Em protesto, moradores da Vila Barigüi exigem obras para evitar novas enchentes. Gazeta do Povo, Curitiba, 12 jun 2014. Disponível em http://www.gazetadopovo.com.br/vida-e-cidadania/em-protesto-moradores-da-vila-barigui-exigem-obras-para-evitar-novas-enchentes-9jorr2lekpzavwcbh8yryqw5q. Acesso em 22 ago 2017 ;Rua João Bettega 6115, Portão, Curitiba;-25,511574;-49,332322;Curitiba;Portão
193;Enchente gera protestos em Curitiba e Colombo;22/02/2006;;Água, esgoto e drenagem;2;Bloqueio da Avenida São Gabriel;Fechamento de vias públicas;Parana Online - Tribuna PR;TRIBUNA PR. Enchente gera protestos em Curitiba e Colombo. Tribuna, Curitiba, 22 jun 2006. Disponível em http://www.tribunapr.com.br/noticias/parana/enchente-gera-protestos-em-curitiba-e-colombo/. Acesso em 22 ago 2017 ;Avenida São Gabriel 69, Osasco, Colombo;-25,363786;-49,210739;Colombo;Osasco
194;Famílias perdem tudo com enchente e fecham Eduardo Sprada em protesto;22/10/2015;;Água, esgoto e drenagem;2;Bloqueio da Rua Eduardo Sprada esq. Rua José Baggio;Fechamento de vias públicas;Banda B;BANDA B. Famílias perdem tudo com enchente e fecham Eduardo Sprada em protesto. Banda B, Curitiba, 22 out 2015. Disponível em http://www.bandab.com.br/geral/familias-perdem-tudo-com-enchente-e-fecham-eduardo-sprada-em-protesto/. Acesso em 22 ago 2017 ;Rua Eduardo Sprada 1672. Campo Comprido, Curitiba;-25,449310;-49,326342;Curitiba;Campo Comprido
195;Moradores de Piraquara cobram apoio da prefeitura;21/03/2012;60;Moradia;11;Manifestação em frente à Prefeitura de Piraquara;Manifestação em espaço público;Brasil de Fato;KINTANISHI, Vítor. Moradores de Piraquara cobram apoio da prefeitura. Brasil de Fato, Curitiba, 21 mar 2013. Disponível em https://www.brasildefato.com.br/node/9112/. Acesso em 22 ago 2017 ;Avenida Getúlio Vargas 1990, Centro, Piraquara;-25,450788;-49,069503;Piraquara;Centro
196;Moradores de São José dos Pinhais não aguentam mais tantos alagamentos;28/12/2015;;Água, esgoto e drenagem;2;Manifestação no Jardim Izaura;Manifestação em espaço público;RIC TV;RIC TV. Moradores de São José dos Pinhais não aguentam mais tantos alagamentos. Curitiba, 28 dez 2015. Disponível em https://pr.ricmais.com.br/balanco-geral-curitiba/videos/moradores-de-sao-jose-dos-pinhais-nao-aguentam-mais-tantos-alagamentos/. Acesso em 25 ago 2017.;Rua Antenor dos Santos 205, Ipê, São José dos Pinhais;-25,472839;-49,148645;São José dos Pinhais;Ipê
197;Moradores do Caximba protestam contra enchentes no bairro;24/06/2013;;Moradia;11;Bloqueio da rua Francisca Beraldi Paolini;Fechamento de vias públicas;Parana Online - Tribuna PR;TRIBUNA PR. Moradores do Caximba protestam contra enchentes no bairro. Tribuna, Curitiba, 24 jun 2013. Disponível em http://www.tribunapr.com.br/noticias/curitiba-regiao/moradores-do-caximba-protestam-contra-enchentes-no-bairro/. Acesso em 22 ago 2017 ;Rua Francisca Beraldi Paolini 888, Campo de Santana, Curitiba;-25,615707;-49,357299;Curitiba;Campo de Santana
198;Moradores do Jardim Veneza fazem protesto por causa dos alagamentos;21/10/2016;;Água, esgoto e drenagem;2;Bloqueio da Rua Benjamin Palú ;Fechamento de vias públicas;MassaNews;"CARVALHO, Joyce. Moradores do Jardim Veneza fazem protesto por
causa dos alagamentos. MassaNews, Curitiba, 21 out 2016. Disponível em https://massanews.com/noticias/plantao/moradores-do-jardim-veneza-fazem-protesto-por-causa-dos-alagamentos-1Wgl5.html. Acesso em 22 ago 2017 ";Rua Benjamin Palú 198, Bom Jesus, São José dos Pinhais;-25,554886;-49,208886;São José dos Pinhais;Bom Jesus
199;Moradores do Tarumã vivem na precariedade;15/08/2013;300;Água, esgoto e drenagem;2;Protesto na Avenida Vítor Ferreira do Amaral, em frente ao Detran;Fechamento de vias públicas;Gazeta do Povo;"MAROS, Angielli; AUDI, Amanda. Protesto bloqueia Avenida Victor Ferreira do Amaral sentido Pinhais. Gazeta do Povo, Curitiba, 15 ago 2013. Disponível em http://www.gazetadopovo.com.br/vida-e-cidadania/protesto-bloqueia-avenida-victor-ferreira-do-amaral-sentido-pinhais-bexr2oggun8y41ab92yo420jy. Acesso em 22 ago 2017 ";Avenida Victor Ferreira do Amaral 2940, Capão da Imbuia, Curitiba ;-25,430470;-49,211197;Curitiba;Capão da Imbuia
200;Moradores de Fazenda Rio Grande bloqueiam avenida para protesto;24/01/2011;60;Água, esgoto e drenagem;2;Queima de pneus e bloqueio das Avenidas Paraguai, Estados Unidos e Polônia;Fechamento de vias públicas;Gazeta do Povo;"TRISOTTO, Fernanda; BUBNIAK, Taiana. Moradores de Fazenda Rio Grande bloqueiam avenida para protesto. Gazeta do Povo, Curitiba, 24 jan 2011. Disponível em www.gazetadopovo.com.br/vidaecidadania/conteudo.phtml?id=1089812&tit=Moradores-de-Fazenda-Rio-Grande-bloqueiam-avenida-para-protesto. Acesso em 22 ago 2017 ";Avenida Polônia 434, Nações, Fazenda Rio Grande;-25,660811;-49,297645;Fazenda Rio Grande;Nações
201;Moradores fecham rua no Xaxim em protesto contra alagamentos;30/01/2011;;Água, esgoto e drenagem;2;Bloqueio da Rua Omar Raymundo Picheth com queima de móveis;Fechamento de vias públicas;Gazeta do Povo;"ALMEIDA, Aniela; ANGELI, Gladson. Moradores fecham rua no Xaxim em protesto contra alagamentos. Gazeta do Povo, Curitiba, 30 jan 2011. Disponível em www.gazetadopovo.com.br/vidaecidadania/conteudo.phtml?id=1091743. Acesso em 22 ago 2017 ";Rua Omar Raymundo Picheth 1327, Xaxim, Curitiba;-25,513131;-49,272668;Curitiba;Xaxim
203;Erosão tira a paciência de moradores no Boa Vista;10/04/2013;;Rios;15;Denúncia para o Paraná Online;Denúncia pública via meio de comunicação de massa;Parana Online - Tribuna PR;MIRANDA, Cahuê. Erosão tira a paciência de moradores no Boa Vista. Paraná Online, Curitiba, 10 abr 2013. Disponível em www.parana-online.com.br/editoria/cidades/news/661666/?noticia=EROSAO+TIRA+A+PACIENCIA+DE+MORADORES+NO+BOA+VISTA. Acesso em 22 ago 2017 ;Rua dos Alfeneiros 70, Boa Vista, Curitiba;-25,384176;-49,248119;Curitiba;Boa Vista
204;Alagamentos são tema de protesto na Caximba;22/06/2013;;Água, esgoto e drenagem;2;Fechamento da ponte sobre o rio Barigui na Rua Francisca Beraldi Paolini;Fechamento de vias públicas;O Popular - Jornal de Araucária e Região;ROCHA, Gabriel. Alagamentos são tema de protesto. O Popular, Curitiba, 28 jun 2013. Disponível em http://www.opopularpr.com.br/noticia_imprimir.php?id=11894 1/. Acesso em 22 ago 2017 ;Rua Francisca Beraldi Paolini 888, Campo de Santana, Curitiba;-25,615704;-49,357217;Curitiba;Campo de Santana
205;Catadores de papel protestam contra lixo orgânico;10/05/2012;;Lixo e resíduos;10;Bloqueio da Avenida Pastor Adolfo Weidmann;Fechamento de vias públicas;Parana Online - Tribuna PR;SANTANA, Eduardo. Catadores de papel protestam contra lixo orgânico. Tribuna, Curitiba, 10 mai 2012. Disponível em http://www.tribunapr.com.br/noticias/parana/catadores-de-papel-protestam-contra-lixo-organico/. Acesso em 22 ago 2017 ;Avenida Pastor Adolfo Weidmann 3294, Guarituba, Piraquara;-25,458528;-49,159924;Piraquara;Guarituba
206;Moradores fazem limpeza de jardim e da rua em frente ao Pilar Maturana;21/01/2014;2;Parques, jardins e florestas;13;Mutirão de limpeza;Outros;Jornal do Bairro Alto;JORNAL DO BAIRRO ALTO. Moradores fazem limpeza de jardim e da rua em frente ao Pilar Maturana. Jornal do Bairro Alto, Curitiba, 21 jan 2014. Disponível em http://www.jornaldobairroalto.com.br/index.php/2012-06-15-14-34-50/569-moradores-fazem-limpeza-de-jardim-e-da-rua-em-frente-ao-pilar-maturana. Acesso em 22 ago 2017 ; Rua Rio Guaporé 1673, Bairro Alto, Curitiba;-25,397892;-49,196335;Curitiba;Bairro Alto
207;Centenas de manifestantes protestam contra novo Código Florestal;28/04/2011;;Parques, jardins e florestas;13;Passeata da Praça Santos Andrade até a Praça Osório;Passeata;Gazeta do Povo;GERON, Vítor. Centenas de manifestantes protestam contra novo Código Florestal. Gazeta do Povo, Curitiba, 28 abr 2011. Disponível em http://www.gazetadopovo.com.br/vida-publica/centenas-de-manifestantes-protestam-contra-novo-codigo-florestal-4dxbc74oi1oe6hptomgs7tnim. Acesso em 25 ago 2017.;Rua Xv de Novembro 151, Centro, Curitiba;-25,431575;-49,272715;Curitiba;Centro
209;“Nosso parque virou depósito de lixo”, desabafa moradora de bairro deixado de lado em ‘cartão postal;18/04/2017;;Parques, jardins e florestas;13;Denúncia à Banda B;Denúncia pública via meio de comunicação de massa;Banda B;"BARROS, Flávia; SEQUINEL, Marina. “Nosso parque virou depósito de lixo”, desabafa moradora de bairro deixado de lado em ‘cartão postal’. Banda B, Curitiba, 18 abr 2017. Disponível em http://www.bandab.com.br/geral/nosso-parque-virou-deposito-de-lixo-desabafa-moradora-de-bairro-deixado-de-lado-em-cartao-postal/. Acesso em 26 ago 2017 ";Rua Carlos Klemtz 1985, Fazendinha, Curitiba;-25,477905;-49,328418;Curitiba;Fazendinha
210;População reclama da falta de manutenção no Parque Tingui em Curitiba;25/02/2016;;Parques, jardins e florestas;13;Denúncia à RIC TV;Denúncia pública via meio de comunicação de massa;RIC TV;RIC TV. População reclama da falta de manutenção no Parque Tingui em Curitiba. Curitiba, 25 fev 2016. Disponível emhttps://pr.ricmais.com.br/balanco-geral-curitiba/videos/populacao-reclama-da-falta-de-manutencao-no-parque-tingui-em-curitiba/. Acesso em 26 ago 2017;Rua Melchiades Silveira do Valle 1234, São João, Curitiba;-25,387825;-49,304914;Curitiba;São João
211;Lago “disfarçado” de gramado coloca em risco frequentadores do Parque Tingui;01/11/2016;;Parques, jardins e florestas;13;Denúncia à Banda B;Denúncia pública via meio de comunicação de massa;Banda B;JUBANSKI, Elisangela. Lago “disfarçado” de gramado coloca em risco frequentadores do Parque Tingui. Banda B, Curitiba, 01 nov 2016. Disponível em http://www.bandab.com.br/geral/armadilha-do-lago-deixa-frequentadores-do-parque-tingui-com-medo/. Acesso em 26 ago 2017 ;Rua Melchiades Silveira do Valle 1234, São João, Curitiba;-25,387885;-49,304945;Curitiba;São João
212;Horta Urbana no Cristo Rei em disputa;08/07/2017;;Parques, jardins e florestas;13;Exibição de documentário no dia 08/07 / Mutirão de Plantio e de mosaicos;Manifestação em espaço público;Brasil de Fato;OBSERVATÓRIO DE CONFLITOS URBANOS DE CURITIBA. Coluna | Observatório dos conflitos urbanos de Curitiba em julho. Brasil de Fato, Curitiba, 14 ago 2017. Disponível em https://www.brasildefato.com.br/2017/08/14/coluna-or-observatorio-dos-conflitos-urbanos-de-curitiba-em-julho/. Acesso em 26 ago 2017;Rua Roberto Cichon 183, Cristo Rei, Curitiba;-25,437945;-49,234633;Curitiba;Cristo Rei
213;Protesto pela Plantação de Bananeira do Juvevê;09/07/2017;30;Parques, jardins e florestas;13;Abraço coletivo às bananeiras do Juvevê;Manifestação em espaço público;Banda B;OLIVEIRA, Luiz Henrique.Depois de ‘Prefs’ enaltecer bananeiras no Juvevê, nova gestão multa e revolta moradores. Banda B, Curitiba, 09 fev 2017. Disponível em http://www.bandab.com.br/jornalismo/depois-de-prefs-enaltecer-bananeira-no-juveve-nova-gestao-multa-pede-retirada-e-revolta-moradores/. Acesso em 26 ago 2017 ;Rua Conselheiro Carrão 1318, Juvevê, Curitiba;-25,421462;-49,244978;Curitiba;Juvevê
214;Lago poluído no Parque São Lourenço ;16/11/2015;;Água, esgoto e drenagem;2;Denúncia para a Tribuna;Denúncia pública via meio de comunicação de massa;Parana Online - Tribuna PR;WEIDLICH, Paula. Lago poluído. Tribuna, Curitiba, 16 nov 2015. Disponível em http://www.tribunapr.com.br/cacadores-de-noticias/sao-lourenco/lago-poluido/. Acesso em 26 ago 2017;Rua Mateus Leme 478, São Francisco, Curitiba;-25,423477;-49,271043;Curitiba;São Francisco
215;Morte de peixes no Parque Tingui intriga frequentadores;08/07/2016;;Parques, jardins e florestas;13;Denúncia feita à Banda B;Denúncia pública via meio de comunicação de massa;Banda B;"OLIVEIRA, Luiz Henrique. Morte de peixes no Parque Tingui intriga frequentadores; prefeitura explica
. Banda B, Curitiba, 14 fev 2017. Disponível em http://www.bandab.com.br/blog/geral/morte-de-peixes-no-parque-tingui-intriga-moradores-prefeitura-explica/. Acesso em 26 ago 2017 ";Rua Melchiades Silveira do Valle 1234, São João, Curitiba;-25,387837;-49,304872;Curitiba;São João
216;Bolo e protesto no Bosque da Casa Gomm;29/03/2014;50;Parques, jardins e florestas;13;Manifestação, com show e programações culturais no bosque;Manifestação em Espaço Privado;Gazeta do Povo;SIMAS, Anna. Bolo e protesto no Bosque da Casa Gomm. Gazeta do Povo, Curitiba, 29 mar 2014. Disponível em http://www.gazetadopovo.com.br/vida-e-cidadania/bolo-e-protesto-no-bosque-da-casa-gomm-25679uioerr7nw591sl5iv2a6. Acesso em 26 ago 2017.;Rua Hermes Fontes 204, Batel, Curitiba;-25,442506;-49,291621;Curitiba;Batel
217;Liminar proíbe intervenção em bosque da Casa Gomm;01/07/2013;;Parques, jardins e florestas;13;Ação Civil Pública ;Judicial;Gazeta do Povo;MARCHIORI, Raphael. Liminar proíbe intervenção em bosque da Casa Gomm. Gazeta do Povo, Curitiba, 01 jul 2013. Disponível em http://www.gazetadopovo.com.br/vida-e-cidadania/liminar-proibe-intervencao-em-bosque-da-casa-gomm-2568x4uozlsi46x3o5e2qfpzi. Acesso em 26 ago 2017.;Rua Hermes Fontes 204, Batel, Curitiba;-25,442340;-49,291753;Curitiba;Batel
218;Magistério faz greve de 15 dias em Curitiba;15/03/2017;;Trabalho e Direitos Trabalhistas;18;Greve;Paralisação e greve;Banda B;"RIBEIRO, Felipe. Professores estaduais e municipais seguem em greve nesta quinta; mais de 65% das escolas foram afetadas no 1º dia. Banda B. Curitiba. 15 mar. 2017. Disponível em: <http://www.bandab.com.br/geral/professores-estaduais-e-municipais-seguem-em-greve-nesta-quinta-mais-de-65-das-escolas-ja-foram-afetadas/>. Acesso em: 26 ago. 2017.";Paraná Clube - Av. Pres. Kenedy, 2377 - Água Verde - Curitiba;-25,465717;-49,278787;Curitiba;Água Verde
220;População exige asfalto “decente” no Itaipu;16/06/2010;;Transporte, trânsito e circulação;19;Queima de pneus;Fechamento de vias públicas;O Popular - Jornal de Araucária e Região;"AMARAL, Victor. População exige asfalto ""decente"" no Itaipu. O Popular. Araucária, p. 01-02. 16 jun. 2010.";Av. das Cerejeiras - Capela Velha Araucária - PR;-25,559672;-49,391729;Araucária;Capela Velha
221;Moradores fazem protesto e fecham Contorno Sul em Curitiba;09/05/2011;;Transporte, trânsito e circulação;19;Trancaço;Fechamento de vias públicas;Gazeta do Povo;GAZETA DO POVO. Moradores fazem protesto e fecham Contorno Sul em Curitiba. Curitiba, 09 maio 2011. Disponível em <http://www.gazetadopovo.com.br/vida-e-cidadania/moradores-fazem-protesto-e-fecham-contorno-sul-em-curitiba-556qeowe33ey71ggw6cx9yz4e>. Acesso em 07/03/2013.;Rua Setembrino Portella Neto, 58 - Cidade Industrial Curitiba - PR;-25,497921;-49,343069;Curitiba;Cidade Industrial
222;Em data especial, manifestantes fazem protesto contra violência no trânsito;10/12/2011;;Transporte, trânsito e circulação;19;Manifestação;Manifestação em espaço público;Banda B;"BANDA B. Em data especial, manifestantes fazem protesto contra violência no trânsito. Disponível em <http://www.bandab.com.br/geral/em-data-especial-manifestantes-fazem-protesto-contra-violencia-no-transito/>. Acesso em 2 de maio de 2014.
";R. Nicola Pellanda, 1920 - Pinheirinho Curitiba - PR;-25,545867;-49,293849;Curitiba;Umbará
223;Moradores da Estrada da Graciosa fazem protesto contra violência no trânsito;11/01/2011;;Transporte, trânsito e circulação;19;Manifestação com queima de pneus;Manifestação em espaço público;Banda B;"BANDA B. Moradores da Estrada da Graciosa fazem protesto
contra violência no trânsito, Curitiba, 11 jan. 2011. Disponível em: <http://www.bandab.com.br/jornalismo/moradores-da-estrada-da-graciosa-fazem-protesto-contra-violencia-no-transito/>. Acesso em: 02 maio 2014. ";R. Estr. da Graciosa, 742 - Atuba;-25,390588;-49,199365;Pinhais;Atuba
224;Moradores bloqueiam cruzamento movimentado no Boqueirão clamando por mais segurança;17/09/2011;;Transporte, trânsito e circulação;19;fecharam o cruzamento das ruas Anne Frank e José Hauer;Fechamento de vias públicas;Banda B;"BANDA B. Moradores bloqueiam cruzamento movimentado no
Boqueirão clamando por mais segurança. Portal Banda B, Curitiba, 17 set. 2011. Paraná. Disponível em: <http://www.bandab.com.br /j or nal i smo/mor ador es- bl oquei am- cr uzamento- movi mentado- no- boquei r ao- cl amando- por - mai s- segur anca/ >. Acesso em: 02 março de 2014. ";R. José Hauer, 2069 - Uberaba;-25,506235;-49,233884;Curitiba;Uberaba
225;Cansados de acidentes, comerciantes fecham avenida em protesto por semáforos;19/08/2011;;Transporte, trânsito e circulação;19;Manifestação na Avenida em frente ao terminal do bairro Cachoeira;Fechamento de vias públicas;Banda B;"BANDA B. Cansados de acidentes, comerciantes fecham
avenida em protesto por semáforos. Banda B, Curitiba, 19 de agosto 2011. Disponível em: <http://www.bandab.com.br/jornalismo/cansados-de-acidentes-comerciantes-fecham-avenida-em-protesto-por-semaforos/>. Acesso em: 02/05/2014. 

";Av. Francisco Kruger, 5356 - Vila Formosa, Alm. Tamandaré - PR;-25,338748;-49,271095;Almirante Tamandaré;Cachoeira
226;Cansado de promessas, povo vai pra rua pedir asfalto;20/06/2011;;Transporte, trânsito e circulação;19;Ato em via pública;Manifestação em espaço público;O Popular - Jornal de Araucária e Região; O PUPULAR: Cansado de promessas, povo vai pra rua pedir asfalto. Araucária-pr, 20 jun. 2011. Disponível em: <http://www.opopularpr.com.br/noticia_imprimir.php?id=6613>. Acesso em: 01 maio 2014.;R. Targino Silva Araucária, 1171 - PR;-25,588111;-49,426810;Araucária;Boqueirão
229;Moradores fecham Rodovia da Uva em protesto contra falta de integração em terminal;25/05/2011;;Transporte, trânsito e circulação;19;Moradores fecham Rodovia da Uva;Fechamento de vias públicas;Banda B;BANDA B: Moradores fecham Rodovia da Uva em protesto contra falta de integração em terminal. Curitiba, Pr, 25 maio 2011. Disponível em: <http://www.bandab.com.br/jornalismo/moradores-fecham-rodovia-da-uva-em-protesto-contra-falta-de-integracao-em-terminal/>. Acesso em: 02 maio 2014.;Rod. da Uva, 2070 - Roça Grande, Colombo - PR;-25,346346;-49,220133;Colombo;Roça Grande
230;Após protesto em frente à Câmara, moradores conseguem liberação de obras;25/07/2011;;Transporte, trânsito e circulação;19;Protesto em frente à Câmara;Manifestação em espaço público;Banda B;BANDA B: Após protesto em frente à Câmara, moradores conseguem liberação de obras. Curitiba, Pr, 25 jul. 2011. Disponível em: <http://www.bandab.com.br/jornalismo/geral/apos-protesto-em-frente-a-camara-moradores-conseguem-liberacao-de-obras/>. Acesso em: 02 maio 2014.;R. João Cândido, 182 - Jardim da Colina;-25,305801;-49,054035;Campina Grande do Sul;Jardim da Colina
231;Alunos e professores fazem protesto contra motoristas que não respeitam pedestres;25/08/2011;;Transporte, trânsito e circulação;19;Manifestação com percurso;Manifestação em espaço público;Banda B;BANDA B: Alunos e professores fazem protesto contra motoristas que não respeitam pedestres. Curitiba, Pr, 25 jul. 2011. Disponível em: <http://www.bandab.com.br/jornalismo/alunos-e-professores-fazem-protesto-contra-motoristas-que-nao-respeitam-pedestres/>. Acesso em: 02 maio 2014.;Rua Ignácio Gbur, 118 - Pilarzinho;-25,397075;-49,289128;Curitiba;Pilarzinho
